is_primary_school,is_middle_school,distance_to_subway_station,distance_to_bus_station,distance_to_parking_lot,distance_to_coach_station
1,0,88.49,0.51,2.11,20.84
1,0,55.93,0.08,3.96,25.31
0,1,74.15,0.17,4.72,6.75
1,0,73.22,0.25,3.88,6.92
1,0,51.12,0.08,0.08,15.94
0,1,51.12,0.08,0.17,16.20
1,0,52.13,0.08,8.60,20.75
1,0,39.90,0.08,0.08,9.62
0,1,71.03,0.08,1.43,9.45
1,0,70.86,0.08,1.10,9.70
0,1,95.66,0.25,0.34,4.89
1,0,94.82,0.17,0.59,4.05
1,0,88.83,0.08,5.65,2.28
1,0,90.43,0.17,3.71,0.34
1,0,39.31,0.08,5.06,7.42
1,0,102.75,0.17,0.08,10.21
0,1,103.26,0.17,0.51,9.95
1,0,42.01,0.25,0.08,17.72
1,0,43.02,0.34,1.52,14.26
0,1,87.06,0.42,5.40,4.30
1,0,86.98,0.42,5.48,4.39
1,0,88.75,0.76,4.13,4.30
1,0,95.33,0.08,2.02,10.29
1,0,38.22,0.08,2.36,10.12
1,0,88.24,0.34,1.43,7.00
1,0,88.32,0.34,1.43,7.00
1,0,27.42,0.25,1.69,22.86
0,1,27.75,0.00,2.62,21.93
0,1,36.11,0.17,0.76,11.14
1,0,36.02,0.17,0.08,11.56
1,0,27.33,0.08,0.76,27.33
1,0,30.96,0.34,0.42,13.08
1,0,36.11,0.08,2.02,9.95
0,1,27.16,0.25,0.08,26.49
0,1,83.60,0.17,2.19,9.28
1,0,36.27,0.17,0.08,10.21
1,0,84.44,0.08,0.76,9.53
1,0,25.81,0.34,2.36,24.30
0,1,23.71,0.17,0.59,25.31
1,0,81.41,0.17,1.69,11.30
1,0,31.55,0.34,0.34,13.67
1,0,31.55,0.34,0.42,13.67
1,0,29.78,0.25,0.51,16.11
0,1,29.86,0.34,0.67,15.69
0,1,23.96,0.08,1.86,26.07
0,1,86.47,0.17,4.72,13.08
1,0,85.96,0.25,4.64,12.82
1,0,33.91,0.34,0.25,8.10
1,0,28.60,0.17,1.43,14.17
1,0,23.79,0.25,2.87,21.43
1,0,21.34,0.34,2.28,23.62
1,0,20.92,0.25,2.95,22.52
0,1,34.50,0.25,1.10,6.07
0,1,25.05,0.17,0.76,18.22
1,0,25.56,0.59,1.27,18.31
0,1,23.45,0.17,2.95,21.60
0,1,21.34,0.25,0.67,23.79
0,1,27.16,0.08,0.59,14.00
0,1,26.32,0.17,0.08,15.44
1,0,25.90,0.17,0.08,15.86
0,1,25.65,0.17,0.17,16.70
0,1,25.73,0.17,0.17,16.70
0,1,25.73,0.17,0.17,16.70
1,0,20.67,0.17,0.08,23.20
0,1,31.89,0.25,0.17,4.72
1,0,31.55,0.42,0.59,5.15
1,0,37.96,0.93,1.77,1.43
1,0,35.68,0.51,0.76,3.21
1,0,27.67,0.59,1.43,13.08
1,0,26.32,0.17,0.08,14.93
0,1,26.57,0.08,0.08,14.59
0,1,26.57,0.08,0.08,14.59
1,0,25.22,0.25,0.17,16.62
0,1,24.38,0.25,0.51,16.87
1,0,23.96,0.25,0.51,17.63
1,0,38.13,0.51,2.95,0.42
1,0,25.22,0.17,0.59,15.27
0,1,24.97,0.34,0.25,15.61
1,0,23.62,0.59,0.59,17.13
0,1,25.73,0.17,1.77,13.58
1,0,21.68,0.08,0.76,19.15
0,1,21.17,0.17,0.17,19.82
1,0,29.36,0.17,1.18,8.94
1,0,25.98,0.42,1.52,13.08
1,0,16.20,0.08,1.86,17.04
1,0,26.07,0.25,4.13,10.80
1,0,26.07,0.25,4.13,10.80
1,0,27.84,0.25,0.34,5.40
1,0,29.61,0.25,2.45,8.35
1,0,27.25,0.59,1.86,11.14
0,1,22.86,0.34,0.34,22.02
1,0,24.63,0.17,0.00,21.34
1,0,23.96,0.00,0.08,20.58
0,1,23.71,0.51,0.34,16.79
1,0,26.07,0.51,2.87,8.35
1,0,16.70,0.08,3.21,19.15
1,0,44.46,0.08,0.93,17.38
1,0,23.87,0.08,1.10,5.65
0,1,24.04,0.17,1.18,5.48
1,0,23.71,0.76,2.19,10.38
0,1,23.79,0.34,2.45,9.87
0,1,25.56,0.08,0.08,4.47
1,0,25.65,0.25,0.17,4.39
1,0,24.97,0.08,0.59,1.52
0,1,75.76,0.08,4.89,7.17
0,1,75.76,0.08,4.89,7.17
1,0,76.43,0.51,5.65,6.50
1,0,16.11,0.34,0.34,17.13
1,0,22.36,0.17,1.60,12.40
0,1,25.05,0.17,0.17,2.19
1,0,24.97,0.34,0.08,1.77
1,0,24.46,0.17,0.17,0.67
0,1,24.46,0.34,0.34,0.42
0,1,28.26,0.34,0.34,9.70
1,0,26.91,0.25,0.17,10.97
0,1,23.28,0.17,0.25,6.07
1,0,23.79,0.25,0.08,5.31
1,0,23.79,0.17,0.08,5.06
0,1,25.14,0.25,0.08,3.04
0,1,24.97,0.08,0.08,3.63
1,0,24.97,0.17,0.08,3.46
1,0,24.97,0.17,0.17,2.87
1,0,24.97,0.08,0.08,2.36
1,0,23.79,0.25,0.25,1.60
1,0,22.69,0.08,1.18,2.11
0,1,21.51,0.08,1.86,4.56
1,0,21.43,0.17,2.02,5.15
0,1,21.60,0.17,1.43,16.20
1,0,21.51,0.08,1.35,16.28
0,1,14.59,0.17,1.35,15.44
1,0,19.74,0.34,0.34,12.82
1,0,20.92,0.08,0.00,10.38
0,1,23.20,0.17,0.17,5.99
1,0,23.11,0.17,0.08,6.07
1,0,23.87,0.17,0.25,4.13
1,0,24.13,0.17,0.08,4.22
1,0,24.38,0.17,0.08,3.80
0,1,24.04,0.25,0.17,3.37
1,0,14.51,0.00,1.43,15.35
1,0,18.98,0.08,2.87,17.55
1,0,17.38,0.34,3.88,6.66
1,0,79.38,0.00,3.46,0.08
1,0,18.22,0.76,1.77,16.03
0,1,18.14,0.08,0.17,15.18
0,1,18.39,0.25,0.17,12.65
1,0,18.05,0.17,1.01,11.22
1,0,19.91,0.17,0.51,8.60
0,1,20.25,0.08,0.08,8.77
1,0,21.76,0.08,1.86,3.12
1,0,18.14,0.25,0.17,14.93
0,1,17.21,0.25,0.08,15.86
0,1,17.13,0.08,0.08,14.93
0,1,17.46,0.08,0.08,15.02
1,0,17.72,0.08,0.08,15.27
1,0,17.63,0.17,0.08,14.93
1,0,21.93,0.51,1.35,5.57
1,0,75.25,0.25,2.78,4.30
0,1,16.37,0.17,0.17,15.27
1,0,16.53,0.17,0.08,15.35
1,0,16.79,0.17,0.08,15.02
1,0,16.28,0.17,0.08,10.55
0,1,16.53,0.08,0.51,9.62
0,1,15.78,0.17,0.08,14.76
1,0,15.78,0.08,0.08,14.76
0,1,15.44,0.17,0.08,13.92
1,0,15.44,0.00,0.08,14.17
0,1,15.35,0.17,0.25,12.74
1,0,72.80,0.08,1.52,5.65
1,0,14.93,0.25,0.08,14.09
1,0,15.02,0.17,0.08,14.09
1,0,15.02,0.08,0.67,12.06
1,0,13.24,0.17,2.87,2.78
0,1,5.74,0.17,0.42,5.57
0,1,14.17,0.17,0.76,11.14
1,0,17.38,0.25,2.11,4.64
1,0,14.34,0.08,2.11,8.27
0,1,14.43,0.25,2.28,8.44
1,0,14.09,0.08,0.76,11.05
0,1,12.91,0.17,0.17,9.95
1,0,12.74,0.08,0.17,9.95
1,0,2.78,0.25,0.67,3.96
0,1,13.58,0.08,2.11,9.95
1,0,15.69,0.67,0.34,2.78
1,0,10.63,0.51,1.77,1.35
0,1,10.88,0.42,0.08,0.34
1,0,10.63,0.00,0.34,0.67
1,0,72.21,0.08,1.86,5.74
0,1,2.36,0.42,0.59,2.95
1,0,11.64,0.08,1.35,9.87
1,0,5.99,0.08,0.93,9.28
1,0,9.11,0.17,1.35,1.94
0,1,6.24,0.42,0.25,8.60
1,0,5.57,0.08,0.34,8.77
1,0,2.53,0.25,0.42,5.74
1,0,0.42,0.17,1.01,2.87
1,0,30.79,0.08,0.51,7.42
1,0,11.30,0.17,1.86,7.00
0,1,12.74,0.17,2.87,0.67
1,0,13.50,0.25,2.45,0.17
1,0,9.53,0.08,1.94,5.65
0,1,8.86,0.17,1.52,5.99
1,0,5.74,0.34,0.34,8.60
0,1,5.48,0.25,0.08,8.52
0,1,4.72,0.25,0.17,7.76
0,1,2.78,0.17,0.51,5.82
1,0,1.27,0.25,1.10,2.28
1,0,80.56,0.25,1.52,4.89
1,0,10.29,0.08,0.17,4.56
1,0,8.94,0.59,1.52,5.65
1,0,3.12,0.59,0.76,5.82
1,0,1.86,0.34,0.34,3.63
1,0,1.18,0.34,0.34,3.04
0,1,1.35,0.34,0.25,1.18
1,0,32.14,0.25,0.25,0.76
0,1,31.38,0.08,0.08,0.84
0,1,31.21,0.17,0.17,0.76
0,1,31.30,0.17,0.08,0.84
1,0,31.64,0.25,0.17,0.42
0,1,9.62,0.59,1.43,6.07
1,0,8.18,0.00,0.76,10.63
0,1,7.76,0.34,0.34,11.14
0,1,15.94,0.08,0.93,3.12
1,0,15.69,0.25,0.84,2.95
0,1,80.48,0.08,0.93,4.39
1,0,80.48,0.00,0.93,4.39
1,0,1.94,0.34,0.34,2.19
1,0,31.47,0.17,0.17,1.35
0,1,31.64,0.25,0.08,1.69
0,1,31.13,0.08,0.08,1.27
1,0,30.79,0.17,0.08,1.35
1,0,31.47,0.17,0.08,0.76
1,0,30.79,0.17,0.08,1.27
1,0,0.67,0.17,0.08,1.27
0,1,28.94,0.08,1.69,5.82
1,0,28.85,0.08,1.69,5.99
1,0,7.68,0.17,2.45,6.07
0,1,7.85,0.08,2.28,6.16
0,1,7.42,0.25,3.12,5.91
0,1,7.76,0.25,0.25,11.22
1,0,7.09,0.34,0.34,10.46
0,1,31.30,0.34,0.25,2.45
1,0,30.62,0.17,0.51,2.87
0,1,30.37,0.17,0.17,1.77
0,1,30.37,0.08,0.08,1.77
0,1,30.12,0.08,0.08,1.94
0,1,30.12,0.08,0.08,1.94
1,0,1.35,0.08,0.08,2.45
1,0,0.25,0.17,0.08,0.17
0,1,0.25,0.17,0.17,0.34
1,0,8.69,0.08,1.10,4.22
1,0,7.09,0.17,3.21,5.74
1,0,7.17,0.08,3.21,5.82
0,1,6.50,0.34,0.08,10.21
1,0,6.41,0.34,0.17,10.80
1,0,6.66,0.51,0.51,7.25
0,1,7.25,0.25,0.08,6.50
1,0,6.50,0.17,1.69,5.99
1,0,5.48,0.17,2.36,5.74
1,0,68.42,0.08,0.25,3.88
1,0,75.50,0.59,0.93,2.62
1,0,13.24,0.17,2.78,1.27
1,0,3.88,0.42,1.94,4.30
1,0,5.65,0.25,1.52,5.23
1,0,7.34,0.08,1.10,5.99
0,1,75.59,0.08,1.35,3.04
1,0,84.44,0.17,1.27,0.08
1,0,7.85,0.17,1.94,6.92
0,1,5.48,0.25,0.51,6.58
0,1,30.20,0.25,1.43,4.13
1,0,29.10,0.17,0.93,4.13
1,0,28.34,0.42,0.34,3.46
1,0,4.64,0.08,0.25,9.45
1,0,6.16,0.34,4.30,2.02
0,1,4.89,1.10,2.19,4.13
1,0,4.47,0.84,2.02,4.47
1,0,2.87,0.08,3.04,4.13
1,0,68.16,0.00,1.35,2.45
0,1,68.75,0.17,1.52,2.78
1,0,70.95,0.17,0.17,4.47
1,0,13.50,1.52,1.94,2.19
0,1,10.63,0.25,2.53,2.19
0,1,6.07,0.34,0.08,6.92
0,1,6.07,0.34,0.08,6.92
1,0,3.29,0.42,0.42,4.05
0,1,7.93,0.34,0.08,4.30
1,0,7.25,0.25,0.00,3.21
1,0,7.59,0.25,0.17,3.46
1,0,4.81,0.08,1.01,1.94
0,1,3.96,0.17,0.25,3.63
1,0,3.88,0.17,1.86,5.99
0,1,3.96,0.17,0.08,8.18
0,1,4.13,0.42,0.08,8.77
0,1,9.79,0.08,2.78,2.53
1,0,3.88,1.27,1.43,6.58
1,0,75.25,0.42,2.36,2.19
1,0,10.21,0.08,2.53,2.36
1,0,7.42,0.08,0.93,8.44
1,0,28.94,0.17,2.19,5.99
1,0,27.67,0.17,1.86,5.82
1,0,27.75,0.42,1.52,5.31
1,0,2.45,0.42,0.59,4.64
0,1,1.35,0.17,0.08,3.71
1,0,3.54,0.17,0.08,9.53
1,0,3.54,0.59,1.27,9.03
1,0,4.64,0.67,1.94,7.59
1,0,4.05,0.17,3.63,3.63
0,1,66.05,0.17,0.34,0.84
1,0,66.90,0.34,0.08,0.34
1,0,70.78,0.08,1.35,4.22
1,0,72.72,0.00,2.78,3.96
1,0,79.05,0.42,2.62,3.29
1,0,10.97,0.08,0.67,2.02
1,0,10.97,0.08,0.67,2.02
0,1,6.07,0.51,0.51,2.95
1,0,5.99,0.76,0.93,2.36
1,0,2.53,0.17,0.25,2.36
1,0,3.46,0.17,0.42,1.18
0,1,3.54,0.00,0.17,1.10
0,1,2.02,0.25,0.67,9.45
0,1,11.22,0.08,0.42,1.27
0,1,11.64,0.25,0.76,1.18
0,1,11.30,0.08,0.42,1.35
1,0,12.23,0.34,2.87,3.37
0,1,12.32,0.25,2.78,3.37
0,1,3.54,0.08,3.29,4.13
1,0,65.80,0.17,0.17,0.93
0,1,65.80,0.08,0.17,0.84
0,1,67.66,0.25,0.17,1.01
0,1,6.75,0.08,0.76,9.45
1,0,6.75,0.08,0.67,9.28
0,1,4.30,0.08,1.43,6.92
1,0,0.42,0.08,0.17,4.98
1,0,0.84,0.51,0.17,5.15
0,1,1.43,0.34,0.34,6.24
1,0,1.35,0.42,0.25,6.16
1,0,12.74,0.08,0.34,1.86
0,1,6.66,0.08,0.34,3.96
1,0,6.50,0.08,0.42,3.96
1,0,1.43,0.42,0.76,6.58
1,0,2.36,0.08,2.02,5.65
1,0,65.63,0.17,0.17,1.10
0,1,65.80,0.17,0.17,0.84
0,1,65.89,0.08,0.08,0.84
0,1,65.97,0.17,0.08,0.76
1,0,66.98,0.08,0.17,1.10
1,0,75.59,0.08,1.01,0.17
1,0,11.30,0.25,0.34,4.22
0,1,5.74,0.51,0.51,8.77
1,0,5.82,0.34,0.67,9.79
1,0,5.74,0.08,1.27,8.27
1,0,5.31,0.51,1.27,8.01
0,1,1.01,0.08,0.25,7.68
1,0,0.34,0.17,0.17,8.60
1,0,0.51,0.25,0.08,10.12
0,1,0.84,0.17,0.17,10.04
1,0,0.84,0.17,0.08,9.87
0,1,1.77,0.08,0.42,8.94
1,0,1.60,0.08,1.52,4.39
1,0,1.52,0.08,1.43,4.30
1,0,64.37,0.17,0.34,2.53
0,1,63.86,0.17,0.34,3.12
0,1,65.72,0.17,0.08,1.77
1,0,66.05,0.17,0.17,1.94
1,0,65.72,0.25,0.00,1.86
1,0,66.05,0.17,0.17,2.02
0,1,66.64,0.08,0.17,1.77
0,1,66.31,0.17,0.17,1.94
0,1,67.49,0.08,0.25,2.19
1,0,67.15,0.34,0.34,2.53
1,0,71.62,0.17,1.01,4.05
0,1,71.71,0.08,1.01,3.96
1,0,5.31,0.34,0.25,8.18
1,0,4.81,0.08,0.17,9.87
0,1,4.81,0.51,1.18,9.45
1,0,5.15,0.42,1.10,8.94
1,0,1.86,0.34,0.34,5.91
0,1,1.27,0.59,0.84,5.91
1,0,1.27,0.51,0.93,5.99
0,1,0.84,0.42,0.76,5.74
1,0,3.71,0.08,0.42,2.87
1,0,2.70,0.17,0.08,2.02
0,1,0.17,0.00,0.08,8.52
1,0,0.17,0.00,0.08,8.60
0,1,0.51,0.08,0.17,9.70
0,1,0.17,0.17,0.17,10.04
0,1,0.42,0.25,0.17,10.38
1,0,0.59,0.08,0.00,10.04
1,0,1.10,0.08,0.08,10.80
1,0,1.10,0.08,0.00,10.71
0,1,2.62,0.17,0.17,7.68
1,0,2.70,0.34,0.34,7.59
0,1,1.52,0.34,0.93,7.51
1,0,0.34,0.25,0.25,7.93
0,1,63.86,0.08,0.25,3.12
0,1,66.22,0.34,0.17,2.53
1,0,69.77,0.17,1.69,5.23
1,0,3.80,0.17,0.59,9.36
0,1,4.47,0.25,0.25,9.28
1,0,2.70,0.08,0.51,5.91
1,0,0.93,0.17,0.17,3.88
1,0,1.60,0.17,1.10,4.05
1,0,1.35,0.25,0.84,3.80
1,0,2.28,0.17,0.25,2.62
0,1,3.12,0.08,0.17,2.87
0,1,1.69,0.08,0.17,4.05
1,0,1.69,0.08,0.08,4.30
1,0,1.60,0.00,0.08,4.39
0,1,1.60,0.17,0.17,4.05
1,0,0.84,0.17,0.17,8.60
1,0,0.84,0.17,0.17,8.52
1,0,0.93,0.17,0.17,9.45
1,0,1.35,0.17,0.08,9.36
1,0,1.69,0.08,0.08,10.21
1,0,1.43,0.08,0.00,10.71
1,0,1.43,0.17,0.00,10.55
0,1,4.81,0.42,1.10,5.48
1,0,2.11,0.25,1.27,7.51
1,0,2.62,0.08,0.93,4.05
0,1,70.36,0.51,1.01,5.40
1,0,3.37,0.17,1.10,7.25
1,0,2.02,0.42,0.51,4.81
1,0,1.43,0.17,0.34,4.30
1,0,1.94,0.42,0.25,4.72
0,1,2.53,0.42,0.08,1.94
1,0,2.45,0.42,0.08,2.02
1,0,2.70,0.42,0.08,1.94
0,1,2.62,0.25,0.08,1.77
0,1,1.86,0.17,0.17,4.56
1,0,0.67,0.17,0.25,5.40
1,0,0.67,0.17,0.25,5.40
1,0,1.60,0.08,0.17,8.10
0,1,1.60,0.08,0.08,9.62
0,1,2.19,0.25,0.17,9.03
1,0,2.28,0.08,0.17,9.11
1,0,2.28,0.08,0.17,9.11
1,0,2.87,0.51,0.08,8.10
0,1,11.98,0.25,1.10,3.37
1,0,12.06,0.17,1.27,3.37
1,0,2.62,0.42,1.27,8.52
1,0,64.96,0.42,0.51,4.30
1,0,66.31,1.10,0.51,4.64
1,0,2.70,0.17,0.93,8.52
1,0,2.36,1.27,0.17,9.79
0,1,2.78,0.42,0.25,8.60
1,0,2.02,0.08,0.51,6.83
1,0,1.94,0.08,0.51,6.83
1,0,0.59,0.34,0.17,3.46
0,1,1.35,0.08,0.00,2.53
0,1,1.35,0.08,0.08,2.45
0,1,3.04,0.17,0.08,6.07
0,1,2.70,0.25,0.25,4.64
0,1,2.87,0.17,0.25,9.62
0,1,7.09,0.25,0.08,3.04
0,1,1.52,0.17,0.00,5.40
0,1,0.42,0.17,0.17,1.01
1,0,1.94,0.17,0.08,0.25
1,0,0.34,0.34,0.25,2.45
0,1,18.73,0.08,0.08,4.30
0,1,1.94,0.08,0.08,5.57
1,0,2.70,0.34,0.25,3.80
1,0,1.69,0.17,0.17,3.46
1,0,7.00,0.17,0.17,3.37
1,0,6.92,0.17,4.72,9.11
1,0,4.72,0.25,3.88,8.01
1,0,4.81,0.17,3.88,8.10
1,0,63.35,0.08,1.60,5.99
1,0,65.46,0.59,1.94,6.50
1,0,1.35,0.25,0.51,6.92
1,0,1.35,0.25,0.51,6.92
1,0,0.42,0.17,0.08,6.58
0,1,1.10,0.34,0.17,7.17
0,1,1.10,0.51,1.01,7.17
0,1,1.18,0.59,1.10,7.25
1,0,1.27,0.76,1.10,7.34
1,0,1.86,0.34,0.42,4.47
1,0,1.43,0.25,0.17,1.69
0,1,0.84,0.17,0.17,1.18
0,1,0.76,0.08,0.08,1.10
1,0,0.67,0.08,0.08,1.27
1,0,0.67,0.17,0.08,1.43
1,0,0.51,0.08,0.08,1.86
1,0,0.51,0.08,0.08,1.86
0,1,1.01,0.08,0.17,1.52
1,0,1.01,0.00,0.08,1.35
1,0,0.25,0.08,0.08,1.18
0,1,1.18,0.08,0.08,3.63
1,0,2.78,0.42,1.18,4.47
0,1,5.40,0.42,4.39,7.93
0,1,1.52,0.25,0.25,5.82
1,0,1.10,0.17,0.42,5.82
1,0,0.93,0.67,0.34,5.65
1,0,0.84,0.76,0.34,5.65
1,0,0.51,0.17,1.35,8.18
1,0,0.51,0.42,0.25,6.07
1,0,0.42,0.34,0.17,6.24
1,0,0.42,0.34,0.25,5.23
1,0,1.94,0.17,0.08,3.37
0,1,0.93,0.17,0.17,0.76
1,0,0.84,0.25,0.00,1.35
1,0,0.59,0.00,0.08,1.52
1,0,0.67,0.08,0.17,2.45
1,0,0.67,0.08,0.17,2.45
0,1,15.78,0.25,0.08,2.36
1,0,0.51,0.25,0.17,2.02
1,0,1.10,0.42,0.17,2.11
1,0,1.18,0.67,0.08,1.69
1,0,0.59,0.17,0.08,4.30
0,1,0.84,0.76,0.51,4.39
1,0,0.17,0.17,0.00,1.18
0,1,1.69,0.08,0.08,1.27
0,1,13.33,0.17,1.18,3.21
1,0,13.24,0.17,1.18,3.21
1,0,1.35,0.34,0.42,11.64
1,0,1.18,0.51,0.76,4.64
1,0,1.18,0.17,0.25,5.15
1,0,0.84,0.25,0.17,0.51
0,1,1.10,0.17,0.17,0.93
1,0,1.43,0.25,0.17,1.43
1,0,15.35,0.08,0.25,2.87
0,1,1.01,0.08,0.17,2.28
1,0,0.76,0.42,0.08,2.45
0,1,0.59,0.34,0.00,2.53
1,0,0.76,0.17,0.08,4.22
1,0,1.18,0.42,0.08,3.80
1,0,2.36,0.25,0.25,3.71
1,0,1.43,0.17,0.17,0.42
1,0,1.94,0.17,0.08,1.35
1,0,2.02,0.34,1.52,11.47
0,1,1.94,0.17,0.17,6.07
1,0,1.69,0.17,0.08,6.66
1,0,0.93,0.08,0.08,4.22
1,0,0.51,0.34,0.08,1.52
1,0,0.34,0.34,0.08,2.02
1,0,14.85,0.34,0.08,2.19
0,1,0.25,0.25,0.17,3.54
0,1,14.76,0.42,0.08,3.63
0,1,1.01,0.08,0.08,4.05
0,1,0.59,0.17,0.08,3.46
1,0,0.59,0.08,0.08,3.54
0,1,1.86,0.25,0.67,2.36
1,0,16.03,0.42,0.34,1.77
1,0,16.03,0.42,0.42,1.86
1,0,1.60,0.25,0.25,1.60
0,1,28.60,0.17,0.34,9.20
0,1,5.91,0.17,1.35,8.18
1,0,5.40,0.08,2.02,8.27
1,0,19.49,0.42,0.42,6.50
1,0,2.53,0.42,0.42,4.98
1,0,2.78,0.34,0.34,6.83
1,0,1.86,0.17,0.34,6.83
1,0,1.10,0.25,0.08,5.91
0,1,0.76,0.08,0.08,2.87
1,0,0.93,0.17,0.08,2.78
0,1,0.67,0.17,0.17,3.12
0,1,0.25,0.17,0.17,4.30
1,0,0.51,0.17,0.08,4.72
0,1,0.93,0.17,0.08,4.22
0,1,1.01,0.25,0.08,4.22
1,0,1.10,0.34,0.08,3.88
1,0,1.27,0.42,0.00,3.88
1,0,1.01,0.08,0.08,3.21
0,1,0.67,0.17,0.08,2.70
1,0,0.51,0.17,0.08,2.87
0,1,0.76,0.25,0.08,3.12
1,0,0.67,0.17,0.08,3.04
1,0,0.51,0.34,0.17,3.21
1,0,0.76,0.17,0.17,2.70
0,1,2.87,0.59,0.08,1.60
1,0,28.60,0.17,0.17,9.11
1,0,7.17,0.25,1.94,5.74
1,0,3.21,0.84,0.51,7.85
0,1,2.87,0.34,0.67,7.34
0,1,0.59,0.17,0.17,4.39
1,0,15.18,0.25,0.08,4.39
0,1,0.93,0.17,0.08,3.88
1,0,1.27,0.17,0.08,3.54
1,0,13.92,0.17,0.17,3.04
1,0,13.41,0.34,0.17,3.37
1,0,13.33,0.17,0.08,3.46
1,0,13.33,0.17,0.08,3.46
1,0,13.08,0.42,0.17,3.71
1,0,0.67,0.08,0.08,3.88
0,1,0.34,0.17,0.08,4.05
1,0,0.76,0.17,0.00,4.81
0,1,0.42,0.08,0.08,2.02
1,0,1.01,0.25,0.17,2.02
1,0,13.50,0.17,0.17,2.02
1,0,13.84,0.08,0.00,2.28
1,0,13.84,0.08,0.08,2.28
1,0,14.00,0.08,0.00,2.11
0,1,0.67,0.67,0.08,1.86
0,1,1.10,0.17,0.08,3.12
1,0,0.93,0.17,0.08,2.70
0,1,1.35,0.42,0.08,3.46
0,1,1.69,0.25,0.08,3.71
1,0,2.70,0.25,0.51,2.53
1,0,27.92,0.08,0.08,8.60
1,0,25.22,0.25,0.67,4.13
1,0,0.59,0.25,0.17,4.47
1,0,0.25,0.17,0.08,4.22
1,0,0.34,0.17,0.08,4.13
1,0,0.67,0.25,0.17,3.88
1,0,0.51,0.25,0.17,3.88
1,0,13.33,0.51,0.25,3.88
1,0,13.41,0.42,0.25,3.96
0,1,12.57,0.51,0.25,4.22
1,0,1.43,0.08,0.08,3.80
1,0,12.57,0.59,0.25,4.22
0,1,12.65,0.08,0.08,4.05
1,0,1.01,0.17,0.08,4.89
1,0,0.59,0.34,0.08,3.54
0,1,0.51,0.42,0.25,2.95
0,1,13.84,0.17,0.34,1.18
1,0,25.65,0.34,1.10,7.85
1,0,31.38,0.25,0.25,0.25
0,1,5.99,0.08,1.01,2.70
1,0,1.69,0.42,0.17,4.81
0,1,0.93,0.08,0.08,3.80
0,1,0.84,0.08,0.08,3.80
1,0,1.27,0.08,0.08,4.22
0,1,0.59,0.59,0.25,2.45
0,1,1.18,0.17,0.17,3.54
0,1,1.10,0.17,0.17,3.46
1,0,0.25,0.08,0.08,4.72
0,1,0.76,0.08,0.08,3.54
0,1,0.59,0.25,0.08,0.67
1,0,0.42,0.17,0.00,0.59
1,0,0.51,0.25,0.08,0.59
1,0,0.51,0.17,0.00,0.51
1,0,0.59,0.17,0.08,1.10
1,0,0.59,0.08,0.00,1.43
1,0,0.34,0.17,0.00,1.18
1,0,0.34,0.17,0.00,1.18
0,1,0.25,0.08,0.08,1.10
0,1,0.51,0.08,0.00,0.76
0,1,0.59,0.08,0.08,0.42
0,1,0.67,0.08,0.08,0.42
1,0,13.58,0.17,0.00,0.93
1,0,13.58,0.17,0.00,0.93
1,0,13.58,0.17,0.00,0.93
1,0,2.36,0.17,0.17,4.39
1,0,2.11,0.34,0.25,4.56
0,1,1.77,1.52,0.25,4.64
1,0,5.48,0.84,2.53,8.01
1,0,28.85,0.25,2.78,3.46
1,0,0.34,0.34,0.25,7.00
1,0,1.10,0.67,0.08,3.71
1,0,0.51,0.17,0.08,1.52
1,0,0.34,0.25,0.17,2.62
1,0,0.67,0.25,0.08,2.87
0,1,0.84,0.17,0.08,3.12
1,0,0.25,0.08,0.08,4.13
0,1,0.51,0.25,0.08,4.72
1,0,0.67,0.08,0.08,3.96
0,1,0.84,0.25,0.08,4.05
0,1,0.84,0.25,0.08,4.05
1,0,0.42,0.25,0.08,3.54
1,0,0.00,0.08,0.08,3.54
1,0,0.93,0.17,0.08,2.45
1,0,0.67,0.25,0.00,2.19
1,0,0.76,0.17,0.08,2.95
0,1,0.93,0.17,0.08,2.78
0,1,0.84,0.17,0.08,2.87
0,1,0.59,0.17,0.08,0.76
1,0,0.67,0.17,0.08,0.76
1,0,0.42,0.17,0.08,0.59
1,0,0.59,0.08,0.00,0.59
1,0,0.34,0.25,0.08,0.25
0,1,0.42,0.17,0.00,0.34
1,0,0.59,0.25,0.08,0.84
1,0,0.59,0.17,0.08,0.84
0,1,0.59,0.08,0.00,0.84
0,1,0.51,0.17,0.00,0.51
0,1,0.51,0.17,0.00,0.51
0,1,0.59,0.08,0.00,0.84
1,0,0.59,0.17,0.17,0.84
0,1,0.76,0.17,0.08,0.84
1,0,0.67,0.08,0.08,0.84
0,1,0.51,0.08,0.08,0.76
0,1,0.76,0.17,0.08,0.84
0,1,0.67,0.08,0.00,0.93
0,1,0.67,0.08,0.08,0.93
0,1,0.67,0.08,0.00,0.93
1,0,0.84,0.25,0.08,0.76
0,1,0.67,0.17,0.08,0.42
1,0,0.17,0.17,0.00,0.67
0,1,12.74,0.25,0.00,0.42
0,1,0.67,0.08,0.08,1.10
1,0,0.51,0.25,0.08,1.27
0,1,1.52,0.17,0.25,2.62
0,1,1.86,0.42,0.17,3.46
1,0,1.77,0.59,0.34,4.30
1,0,2.28,0.59,0.25,4.39
0,1,1.52,0.25,0.25,5.57
1,0,9.53,0.42,0.25,5.91
1,0,0.51,0.42,0.25,6.24
0,1,0.42,0.17,0.08,6.41
1,0,0.59,0.25,0.08,1.43
1,0,0.17,0.25,0.00,1.10
1,0,0.08,0.17,0.08,1.10
0,1,0.17,0.25,0.08,1.18
0,1,0.34,0.00,0.00,1.77
1,0,0.51,0.17,0.08,2.28
1,0,0.25,0.08,0.17,2.02
1,0,0.34,0.08,0.08,3.46
1,0,0.51,0.25,0.00,2.70
0,1,9.62,0.17,0.08,4.30
1,0,0.51,0.17,0.08,4.22
0,1,9.62,0.17,0.08,4.30
1,0,0.84,0.08,0.08,4.13
1,0,0.84,0.17,0.08,3.96
1,0,1.10,0.17,0.00,3.80
0,1,0.76,0.17,0.08,2.78
0,1,0.76,0.17,0.08,2.70
0,1,0.67,0.42,0.08,1.35
1,0,0.59,0.42,0.08,1.27
1,0,0.51,0.34,0.08,1.10
1,0,0.51,0.25,0.08,1.10
0,1,0.84,0.17,0.08,1.35
1,0,0.93,0.17,0.08,1.18
1,0,0.93,0.17,0.08,1.18
0,1,0.67,0.25,0.08,1.60
1,0,0.76,0.25,0.00,1.69
0,1,11.89,0.17,0.08,0.51
1,0,1.01,0.17,0.08,0.76
0,1,11.98,0.08,0.08,0.34
1,0,11.81,0.17,0.08,0.59
0,1,11.98,0.00,0.00,0.42
1,0,0.59,0.08,0.08,1.77
0,1,0.17,0.17,0.08,1.69
1,0,2.02,0.25,0.42,5.15
0,1,0.59,0.34,0.34,5.15
1,0,1.94,0.08,0.67,5.06
0,1,31.55,0.08,0.17,2.36
0,1,10.63,0.17,1.69,4.47
0,1,8.27,0.17,0.51,6.58
0,1,0.25,0.08,0.08,1.52
1,0,0.25,0.17,0.00,1.01
0,1,0.34,0.17,0.08,2.02
1,0,0.34,0.25,0.08,2.11
0,1,0.25,0.17,0.08,2.62
0,1,0.17,0.25,0.08,2.70
0,1,0.17,0.25,0.08,2.70
0,1,0.42,0.17,0.08,3.96
0,1,0.25,0.25,0.00,3.88
0,1,0.42,0.17,0.08,3.96
1,0,0.42,0.34,0.08,3.88
1,0,0.42,0.34,0.08,3.88
0,1,0.51,0.25,0.08,3.96
1,0,0.51,0.17,0.00,3.54
1,0,0.67,0.25,0.00,3.96
0,1,0.67,0.17,0.08,4.05
1,0,0.42,0.25,0.08,3.63
1,0,0.25,0.17,0.08,3.37
1,0,0.51,0.34,0.08,3.21
1,0,0.25,0.17,0.08,3.04
1,0,0.34,0.25,0.08,3.46
0,1,0.42,0.25,0.08,2.11
1,0,0.34,0.25,0.00,2.19
0,1,0.34,0.17,0.08,2.19
1,0,0.34,0.08,0.08,2.28
0,1,0.42,0.17,0.08,2.19
1,0,0.34,0.25,0.08,1.94
0,1,0.51,0.17,0.08,2.45
0,1,0.51,0.17,0.08,2.45
1,0,0.42,0.25,0.08,1.94
0,1,0.34,0.34,0.08,2.11
1,0,11.39,0.34,0.08,0.93
0,1,0.34,0.08,0.08,1.52
0,1,0.42,0.25,0.00,1.60
1,0,0.51,0.25,0.08,1.60
0,1,0.42,0.17,0.00,1.27
1,0,0.34,0.17,0.08,1.10
1,0,0.93,0.25,0.25,2.11
1,0,0.93,0.00,0.00,1.94
0,1,1.10,0.08,0.08,1.94
0,1,0.59,0.59,0.08,2.28
0,1,0.34,0.42,0.34,2.11
0,1,0.34,0.25,0.17,3.29
1,0,0.17,0.25,0.08,3.71
0,1,0.42,0.17,0.42,3.04
1,0,2.11,0.08,0.17,5.65
1,0,31.72,0.17,0.42,2.62
1,0,14.85,0.17,0.25,5.31
1,0,11.14,0.42,1.27,4.30
1,0,9.36,0.59,1.86,5.74
1,0,5.82,0.34,0.67,4.47
1,0,4.72,0.25,0.17,3.71
1,0,1.86,0.34,0.25,5.31
0,1,14.51,0.34,0.17,5.74
0,1,14.26,0.34,0.25,5.48
0,1,0.93,0.17,0.08,1.69
1,0,0.76,0.25,0.08,1.77
1,0,0.17,0.17,0.08,0.93
1,0,0.42,0.08,0.08,1.01
1,0,0.59,0.17,0.08,0.59
0,1,0.59,0.17,0.08,0.84
1,0,0.51,0.17,0.08,0.51
0,1,0.76,0.08,0.08,0.67
1,0,0.42,0.08,0.08,1.60
0,1,0.42,0.17,0.08,2.11
1,0,0.25,0.17,0.00,2.36
0,1,0.51,0.25,0.00,2.70
1,0,0.51,0.17,0.08,2.62
0,1,0.51,0.17,0.08,2.70
0,1,0.59,0.17,0.08,2.70
0,1,0.84,0.25,0.08,3.04
1,0,0.51,0.08,0.08,3.37
1,0,0.42,0.34,0.08,3.21
1,0,0.51,0.25,0.08,2.62
0,1,0.42,0.25,0.08,3.12
0,1,0.42,0.17,0.17,2.87
0,1,0.59,0.34,0.17,2.62
1,0,0.42,0.25,0.08,2.78
1,0,0.34,0.25,0.08,2.62
1,0,0.59,0.17,0.00,2.28
0,1,0.51,0.17,0.08,2.78
1,0,0.51,0.17,0.00,2.62
1,0,0.42,0.25,0.00,2.19
0,1,0.42,0.17,0.00,2.45
1,0,0.42,0.17,0.08,2.36
1,0,0.42,0.17,0.00,2.11
1,0,0.51,0.08,0.08,1.77
0,1,0.67,0.17,0.08,1.86
1,0,0.42,0.25,0.08,1.52
0,1,0.42,0.25,0.08,1.43
0,1,0.17,0.17,0.08,1.52
1,0,0.51,0.17,0.08,1.43
1,0,0.59,0.08,0.08,1.27
1,0,0.42,0.08,0.08,1.43
1,0,0.34,0.08,0.08,1.43
0,1,0.34,0.17,0.08,2.28
1,0,9.79,0.17,0.08,2.36
1,0,0.42,0.25,0.00,2.02
1,0,0.42,0.17,0.08,0.84
1,0,0.67,0.08,0.08,0.17
1,0,0.59,0.17,0.00,0.42
0,1,0.34,0.25,0.08,0.67
0,1,0.84,0.17,0.17,0.34
1,0,1.10,0.08,0.08,0.84
1,0,1.18,0.08,0.08,0.84
0,1,0.84,0.17,0.17,0.34
1,0,1.27,0.17,0.17,2.87
0,1,0.76,0.08,0.17,1.35
0,1,0.67,0.17,0.25,1.43
1,0,2.36,0.17,1.10,3.71
1,0,1.60,0.08,0.67,3.29
1,0,5.23,0.51,2.02,6.41
1,0,4.13,0.08,0.08,4.81
0,1,3.63,0.17,0.17,4.22
1,0,3.71,0.17,0.08,3.54
1,0,3.37,0.08,0.42,3.71
1,0,3.37,0.25,0.17,3.88
1,0,2.11,0.08,0.08,2.95
1,0,2.36,0.17,0.25,4.72
1,0,2.11,0.08,0.08,5.40
0,1,2.19,0.42,0.08,4.64
1,0,1.52,0.67,0.25,3.54
0,1,0.34,0.08,0.08,2.28
1,0,0.17,0.17,0.08,1.52
1,0,0.59,0.25,0.00,2.53
0,1,1.01,0.25,0.08,2.11
1,0,1.10,0.34,0.08,2.11
1,0,0.84,0.17,0.08,2.78
1,0,1.18,0.08,0.08,1.86
0,1,0.93,0.08,0.00,2.19
0,1,1.01,0.08,0.08,1.86
0,1,0.67,0.17,0.08,2.62
1,0,0.67,0.08,0.08,1.94
1,0,0.67,0.25,0.08,2.02
1,0,0.59,0.34,0.08,2.19
1,0,0.34,0.25,0.08,1.35
0,1,0.34,0.17,0.08,1.10
1,0,0.51,0.25,0.08,1.18
0,1,0.34,0.17,0.08,1.10
0,1,0.67,0.08,0.08,1.69
1,0,7.59,0.17,0.08,1.86
1,0,0.51,0.17,0.08,1.43
0,1,0.34,0.00,0.08,1.35
0,1,0.51,0.17,0.08,0.67
1,0,0.17,0.17,0.08,1.10
1,0,0.34,0.17,0.08,1.18
1,0,0.59,0.08,0.08,0.67
0,1,0.34,0.17,0.08,0.84
1,0,0.34,0.17,0.08,0.76
0,1,0.67,0.17,0.08,0.34
1,0,0.34,0.17,0.00,1.01
0,1,0.59,0.17,0.00,0.67
1,0,0.42,0.17,0.00,0.84
1,0,0.84,0.17,0.08,1.18
0,1,9.36,0.08,0.08,1.94
0,1,9.36,0.08,0.08,1.94
1,0,0.76,0.34,0.00,2.11
0,1,1.01,0.08,0.08,0.59
0,1,1.10,0.08,0.08,0.76
0,1,1.10,0.17,0.08,0.67
1,0,1.01,0.17,0.00,1.10
1,0,0.76,0.25,0.34,1.60
1,0,0.76,0.34,0.25,2.02
1,0,0.76,0.34,0.25,2.11
0,1,1.01,0.25,0.25,2.28
1,0,0.67,0.08,0.34,1.86
1,0,1.01,0.00,0.17,2.11
1,0,0.67,0.17,0.25,0.59
1,0,2.28,0.25,0.17,3.46
1,0,4.39,0.34,0.51,4.64
1,0,4.72,0.25,1.35,5.82
0,1,34.93,0.17,0.08,5.91
1,0,4.72,0.08,0.17,5.23
0,1,4.05,0.25,0.17,5.82
1,0,2.87,0.08,0.42,3.37
1,0,1.69,0.17,0.84,1.86
0,1,1.86,0.08,0.08,2.78
1,0,1.77,0.42,0.00,4.81
0,1,1.27,0.25,0.08,4.22
1,0,0.25,0.17,0.08,2.45
0,1,0.59,0.42,0.08,2.19
0,1,0.42,0.17,0.17,2.53
1,0,0.51,0.17,0.08,2.53
1,0,0.59,0.17,0.08,2.02
1,0,0.51,0.25,0.08,2.11
0,1,0.59,0.42,0.08,2.28
0,1,0.34,0.08,0.00,2.87
0,1,0.42,0.34,0.08,2.36
1,0,0.34,0.34,0.00,2.36
0,1,1.10,0.08,0.08,2.36
1,0,0.76,0.08,0.08,2.02
1,0,0.76,0.08,0.08,2.02
1,0,0.76,0.08,0.08,2.02
1,0,0.67,0.00,0.08,1.27
1,0,1.01,0.25,0.00,1.60
0,1,0.25,0.08,0.00,1.35
0,1,0.25,0.08,0.08,1.43
1,0,0.25,0.08,0.08,1.43
0,1,0.34,0.17,0.00,1.43
0,1,0.84,0.25,0.08,1.43
1,0,0.76,0.08,0.08,1.52
1,0,0.17,0.17,0.08,0.76
0,1,0.59,0.25,0.08,1.01
0,1,0.76,0.25,0.08,0.93
0,1,0.76,0.25,0.08,1.27
0,1,0.59,0.08,0.08,1.18
0,1,0.59,0.08,0.08,1.18
0,1,0.59,0.34,0.17,0.59
1,0,0.67,0.34,0.08,0.51
1,0,0.59,0.34,0.17,0.67
1,0,0.42,0.25,0.08,1.35
0,1,6.33,0.34,0.08,1.35
0,1,0.42,0.17,0.08,1.27
0,1,0.42,0.34,0.08,1.35
1,0,0.51,0.17,0.08,0.76
0,1,0.59,0.17,0.08,1.18
1,0,0.25,0.25,0.08,1.43
1,0,0.59,0.17,0.08,0.76
1,0,0.17,0.17,0.08,0.93
0,1,0.17,0.17,0.08,0.93
0,1,0.51,0.25,0.08,0.42
0,1,0.84,0.17,0.00,0.17
1,0,0.76,0.25,0.08,0.17
0,1,0.59,0.25,0.08,0.59
0,1,0.76,0.17,0.00,1.35
1,0,0.84,0.17,0.00,1.35
1,0,0.59,0.34,0.08,0.59
1,0,1.01,0.25,0.00,1.52
0,1,0.76,0.25,0.08,2.02
0,1,1.18,0.17,0.08,1.52
1,0,0.93,0.25,0.00,1.86
1,0,0.34,0.17,0.08,2.36
0,1,0.17,0.17,0.00,2.53
1,0,0.93,0.34,0.08,1.52
0,1,0.67,0.25,0.34,1.86
0,1,0.59,0.17,0.08,0.59
1,0,2.36,0.08,0.17,1.43
1,0,2.78,0.51,0.34,1.35
0,1,3.37,0.17,0.17,1.69
0,1,3.46,0.34,0.51,3.29
1,0,3.63,0.17,0.17,3.96
1,0,43.45,0.25,3.54,3.71
1,0,24.21,0.08,3.37,0.51
1,0,20.75,0.08,2.53,5.06
1,0,4.47,0.08,0.34,3.88
1,0,3.71,0.17,0.17,5.82
1,0,3.63,0.17,0.25,5.23
1,0,3.12,0.25,0.17,5.91
0,1,2.87,0.17,0.08,5.65
0,1,3.04,0.08,0.17,5.65
1,0,1.52,0.42,0.17,3.54
1,0,1.86,0.17,0.17,2.70
0,1,1.69,0.08,0.34,3.04
1,0,1.18,0.42,0.34,1.69
0,1,0.93,0.42,0.34,0.93
0,1,0.93,0.17,0.17,1.27
1,0,0.51,0.17,0.17,1.52
1,0,0.59,0.17,0.08,2.62
1,0,0.67,0.25,0.08,3.46
1,0,1.01,0.59,0.34,4.22
1,0,0.34,0.25,0.08,4.05
1,0,0.42,0.34,0.08,3.46
0,1,0.59,0.08,0.08,2.87
1,0,0.76,0.34,0.08,2.78
0,1,0.34,0.08,0.08,3.46
0,1,0.59,0.17,0.08,3.12
0,1,0.59,0.17,0.08,3.12
0,1,0.59,0.25,0.08,3.29
1,0,0.34,0.25,0.08,2.28
0,1,0.25,0.17,0.08,1.69
1,0,0.25,0.25,0.17,1.60
1,0,0.34,0.25,0.17,1.69
0,1,0.51,0.25,0.00,0.59
1,0,0.42,0.08,0.08,0.76
1,0,0.51,0.25,0.08,0.59
1,0,0.51,0.25,0.08,0.59
1,0,0.59,0.34,0.00,0.59
1,0,0.42,0.34,0.00,0.93
0,1,0.17,0.08,0.08,1.18
0,1,0.17,0.17,0.08,1.18
0,1,0.17,0.17,0.08,1.18
0,1,0.17,0.17,0.08,1.27
0,1,0.08,0.08,0.08,1.18
0,1,0.17,0.17,0.08,1.27
1,0,0.42,0.00,0.08,1.10
0,1,0.17,0.17,0.08,1.27
1,0,0.42,0.08,0.08,1.69
0,1,0.42,0.25,0.17,1.18
1,0,0.51,0.34,0.08,0.67
1,0,0.51,0.42,0.00,0.93
1,0,0.42,0.08,0.08,0.42
1,0,5.57,0.25,0.17,0.42
1,0,0.34,0.34,0.25,0.51
0,1,0.51,0.08,0.08,0.42
0,1,0.25,0.08,0.17,0.51
1,0,0.34,0.25,0.08,0.76
0,1,0.34,0.25,0.08,1.52
1,0,0.51,0.08,0.00,1.18
1,0,0.51,0.08,0.08,1.18
0,1,0.25,0.17,0.08,1.43
1,0,0.51,0.34,0.25,1.18
1,0,6.16,0.17,0.08,1.35
1,0,0.08,0.17,0.00,1.60
0,1,0.59,0.17,0.17,0.93
0,1,0.51,0.17,0.08,1.35
1,0,0.34,0.17,0.08,1.18
0,1,0.51,0.34,0.08,1.35
1,0,0.42,0.17,0.08,1.27
1,0,0.34,0.34,0.08,1.27
1,0,0.25,0.17,0.00,1.35
0,1,0.42,0.25,0.08,2.28
0,1,7.93,0.34,0.08,1.77
1,0,7.93,0.25,0.00,1.94
1,0,0.25,0.34,0.00,1.94
1,0,0.51,0.17,0.08,2.53
1,0,0.34,0.25,0.08,2.02
1,0,0.51,0.17,0.00,1.69
0,1,0.25,0.25,0.08,2.19
1,0,0.17,0.17,0.08,2.02
1,0,1.01,0.34,0.00,1.35
1,0,1.18,0.34,0.08,1.52
0,1,1.10,0.25,0.08,1.86
1,0,1.18,0.51,0.00,2.19
1,0,1.77,0.17,0.25,1.86
1,0,2.02,0.08,0.08,0.93
1,0,2.78,0.17,0.17,1.18
0,1,2.70,0.00,0.08,1.69
0,1,3.12,0.25,0.08,3.96
1,0,4.89,0.17,0.25,3.21
0,1,2.36,0.17,0.08,5.48
1,0,2.36,0.08,0.08,5.48
0,1,1.27,0.17,0.17,4.13
1,0,1.35,0.17,0.25,2.28
0,1,1.01,0.42,0.25,1.52
1,0,0.34,0.17,0.08,0.76
0,1,0.59,0.17,0.17,0.42
1,0,0.67,0.17,0.08,0.51
0,1,0.59,0.25,0.08,2.11
1,0,0.25,0.17,0.08,1.69
1,0,0.76,0.17,0.08,2.45
1,0,0.59,0.25,0.08,4.47
0,1,0.84,0.17,0.00,5.99
0,1,11.89,0.17,0.08,6.07
1,0,0.76,0.25,0.17,5.74
0,1,0.67,0.17,0.08,3.88
1,0,0.34,0.34,0.08,4.05
1,0,0.34,0.34,0.08,4.05
0,1,0.84,0.17,0.08,4.22
1,0,0.84,0.08,0.08,3.96
0,1,0.51,0.17,0.08,3.71
0,1,0.51,0.17,0.08,3.63
1,0,0.42,0.17,0.08,3.54
1,0,0.42,0.17,0.00,3.21
1,0,0.84,0.08,0.00,2.70
0,1,0.34,0.25,0.08,2.62
1,0,0.59,0.25,0.08,3.12
0,1,0.17,0.17,0.08,2.45
1,0,0.34,0.17,0.17,2.45
1,0,0.42,0.17,0.08,1.43
0,1,0.34,0.17,0.08,1.69
1,0,0.42,0.08,0.08,1.52
0,1,0.25,0.08,0.08,1.69
0,1,0.34,0.17,0.08,1.27
1,0,0.25,0.17,0.00,0.34
1,0,0.67,0.17,0.08,0.84
1,0,0.59,0.34,0.08,0.51
0,1,0.59,0.34,0.08,0.51
1,0,0.76,0.17,0.08,0.67
1,0,0.59,0.08,0.08,0.42
0,1,0.51,0.42,0.08,0.51
0,1,0.34,0.08,0.08,1.52
1,0,0.51,0.25,0.08,1.10
1,0,0.34,0.25,0.08,1.18
1,0,0.59,0.17,0.08,1.01
1,0,0.51,0.17,0.08,1.01
0,1,0.59,0.08,0.00,0.93
0,1,0.51,0.08,0.08,0.84
0,1,0.25,0.08,0.08,1.52
0,1,0.51,0.08,0.08,1.77
0,1,0.42,0.08,0.08,1.86
1,0,0.42,0.08,0.08,1.69
1,0,0.67,0.17,0.08,1.94
1,0,0.67,0.17,0.17,1.01
1,0,0.67,0.17,0.08,0.93
0,1,0.08,0.08,0.08,1.18
1,0,4.72,0.25,0.08,1.27
1,0,0.17,0.08,0.17,1.01
1,0,0.42,0.17,0.08,1.35
0,1,0.34,0.25,0.08,1.60
1,0,0.42,0.17,0.08,1.35
1,0,0.34,0.08,0.00,1.43
0,1,0.51,0.34,0.08,1.77
1,0,0.51,0.17,0.17,1.52
1,0,0.51,0.34,0.08,2.02
1,0,0.42,0.25,0.08,2.11
1,0,0.25,0.34,0.00,1.94
0,1,0.34,0.17,0.00,2.53
1,0,0.59,0.17,0.08,2.53
0,1,0.42,0.17,0.08,2.19
1,0,0.34,0.17,0.00,2.02
1,0,0.17,0.08,0.00,2.19
1,0,0.51,0.17,0.00,2.53
1,0,0.76,0.25,0.08,1.43
0,1,0.67,0.17,0.08,1.35
0,1,0.42,0.17,0.00,1.01
0,1,0.42,0.17,0.00,1.01
0,1,0.25,0.17,0.08,1.01
0,1,0.34,0.17,0.08,1.27
1,0,0.42,0.17,0.00,1.43
1,0,0.59,0.17,0.08,0.93
1,0,0.59,0.25,0.00,0.93
0,1,0.42,0.17,0.08,1.43
1,0,11.05,0.25,0.08,1.52
1,0,0.17,0.17,0.08,1.27
1,0,0.42,0.17,0.08,1.86
1,0,0.67,0.42,0.08,0.76
1,0,0.67,0.08,0.08,0.84
0,1,1.52,0.51,0.42,1.60
1,0,1.69,0.25,0.08,1.94
1,0,0.25,0.08,0.08,3.96
0,1,0.76,0.25,0.08,4.47
1,0,0.17,0.17,0.08,5.23
1,0,1.94,0.76,0.76,2.87
0,1,0.93,0.17,0.17,4.72
1,0,0.84,0.34,0.17,4.47
1,0,0.59,0.42,0.25,0.42
1,0,0.76,0.17,0.00,1.77
0,1,0.76,0.08,0.00,1.94
1,0,0.51,0.17,0.17,2.11
0,1,0.42,0.17,0.17,2.02
0,1,1.01,0.17,0.08,2.78
1,0,1.01,0.08,0.08,2.95
0,1,15.44,0.25,0.08,2.28
1,0,15.44,0.25,0.08,2.28
1,0,1.01,0.17,0.08,3.21
1,0,1.18,0.17,0.17,5.82
1,0,0.76,0.17,0.08,6.16
1,0,0.93,0.08,0.08,5.65
0,1,1.18,0.08,0.08,4.89
1,0,0.93,0.25,0.08,4.05
0,1,0.93,0.17,0.08,4.13
1,0,0.93,0.25,0.00,3.96
1,0,0.93,0.17,0.00,3.88
1,0,1.10,0.25,0.00,3.54
1,0,1.10,0.25,0.00,3.54
0,1,0.76,0.17,0.08,2.62
0,1,0.76,0.08,0.08,2.53
1,0,0.51,0.08,0.00,2.70
1,0,0.51,0.25,0.08,1.60
1,0,0.25,0.17,0.00,1.86
0,1,0.76,0.17,0.08,1.52
0,1,0.34,0.08,0.08,1.01
0,1,0.34,0.08,0.08,1.01
1,0,0.51,0.08,0.08,0.93
1,0,0.59,0.08,0.08,1.69
0,1,0.51,0.25,0.08,0.84
1,0,0.25,0.17,0.08,1.77
0,1,0.51,0.08,0.00,1.69
1,0,0.67,0.34,0.25,2.36
1,0,0.42,0.17,0.00,2.36
1,0,0.42,0.17,0.00,2.36
1,0,0.67,0.08,0.08,2.11
0,1,0.67,0.17,0.17,2.19
1,0,0.93,0.34,0.25,2.02
1,0,0.93,0.34,0.25,1.94
0,1,0.51,0.17,0.17,2.19
1,0,0.76,0.25,0.08,1.94
1,0,0.76,0.25,0.08,1.94
0,1,0.42,0.17,0.08,2.28
0,1,0.59,0.17,0.08,1.86
1,0,0.42,0.17,0.08,2.19
1,0,0.34,0.17,0.00,2.36
1,0,4.89,0.25,0.17,2.28
0,1,0.34,0.25,0.08,2.11
1,0,0.25,0.08,0.00,2.62
1,0,0.25,0.08,0.00,2.62
0,1,0.42,0.08,0.08,2.45
0,1,0.51,0.25,0.08,2.53
0,1,0.34,0.17,0.17,2.36
0,1,0.59,0.34,0.08,2.95
1,0,0.17,0.17,0.08,2.62
1,0,0.17,0.17,0.08,2.62
1,0,0.59,0.17,0.00,2.87
1,0,0.59,0.25,0.08,2.87
1,0,0.34,0.25,0.08,2.36
1,0,0.51,0.34,0.08,2.36
0,1,0.51,0.25,0.08,2.28
1,0,0.59,0.25,0.00,2.78
0,1,0.34,0.17,0.08,2.87
1,0,0.51,0.17,0.08,2.78
0,1,0.42,0.17,0.00,1.43
1,0,0.51,0.25,0.08,1.35
1,0,0.67,0.08,0.00,1.01
1,0,0.51,0.17,0.08,0.93
0,1,0.34,0.25,0.08,0.25
0,1,0.51,0.08,0.08,0.67
0,1,0.67,0.08,0.08,1.18
1,0,0.76,0.17,0.08,0.93
0,1,0.76,0.34,0.08,1.10
0,1,10.12,0.08,0.08,0.67
0,1,0.34,0.17,0.08,1.10
1,0,0.42,0.25,0.08,0.59
1,0,0.59,0.08,0.08,0.67
0,1,0.42,0.25,0.08,0.59
0,1,0.42,0.08,0.08,0.42
1,0,0.76,0.34,0.08,2.70
0,1,0.67,0.25,0.17,2.19
1,0,0.93,0.08,0.17,2.02
1,0,0.67,0.25,0.08,3.04
1,0,0.59,0.08,0.08,2.87
1,0,0.76,0.34,0.25,2.95
0,1,0.84,0.08,0.08,4.05
0,1,0.84,0.17,0.08,3.96
0,1,0.84,0.08,0.17,3.46
0,1,1.01,0.17,0.17,3.88
1,0,0.76,0.17,0.08,4.05
1,0,0.84,0.34,0.17,3.63
0,1,0.67,0.25,0.17,4.13
1,0,0.51,0.17,0.00,4.30
0,1,1.01,0.17,0.17,5.23
1,0,0.67,0.17,0.25,5.57
1,0,0.93,0.08,0.08,4.39
0,1,1.18,0.17,0.08,3.04
1,0,0.67,0.25,0.08,2.62
1,0,27.08,0.34,0.08,1.27
1,0,1.35,0.17,0.51,4.56
1,0,0.93,0.08,0.25,4.64
1,0,2.02,0.17,1.43,7.17
1,0,1.77,0.17,0.67,4.72
1,0,1.43,0.08,0.17,5.48
1,0,0.25,0.17,0.17,2.28
1,0,0.17,0.34,0.00,2.19
0,1,0.25,0.17,0.08,2.19
1,0,1.01,0.17,0.08,2.87
0,1,0.34,0.17,0.08,4.22
0,1,0.93,0.42,0.08,4.64
1,0,0.34,0.00,0.00,4.05
1,0,0.51,0.08,0.08,4.30
0,1,0.59,0.25,0.17,4.30
1,0,0.59,0.25,0.08,4.30
1,0,0.17,0.08,0.08,5.23
1,0,0.08,0.08,0.00,5.40
1,0,0.67,0.17,0.08,6.16
1,0,0.93,0.00,0.08,4.39
1,0,0.34,0.17,0.08,4.13
1,0,0.34,0.25,0.00,4.13
0,1,0.84,0.17,0.08,3.04
0,1,0.76,0.17,0.08,3.04
0,1,0.76,0.17,0.08,3.12
0,1,0.59,0.08,0.08,2.87
1,0,0.59,0.08,0.08,2.11
1,0,0.59,0.17,0.08,2.11
1,0,0.42,0.17,0.08,1.77
0,1,0.42,0.08,0.08,2.02
0,1,0.25,0.08,0.08,1.01
1,0,0.34,0.17,0.00,0.93
0,1,0.25,0.25,0.08,0.84
0,1,0.51,0.17,0.08,1.35
1,0,0.25,0.25,0.08,1.10
0,1,0.59,0.17,0.08,1.35
0,1,0.51,0.25,0.08,1.27
1,0,0.25,0.25,0.08,1.01
1,0,0.59,0.08,0.08,0.93
1,0,0.25,0.17,0.08,1.43
1,0,0.42,0.34,0.00,1.60
0,1,0.42,0.25,0.08,1.69
1,0,0.42,0.17,0.00,1.69
0,1,0.25,0.17,0.08,1.77
0,1,0.25,0.17,0.08,2.19
0,1,0.51,0.08,0.08,1.94
0,1,0.34,0.17,0.08,2.53
1,0,0.42,0.17,0.00,2.11
0,1,0.51,0.08,0.08,1.86
1,0,0.51,0.08,0.08,2.45
1,0,0.51,0.17,0.00,2.62
0,1,0.51,0.25,0.08,2.19
1,0,0.51,0.34,0.08,2.45
0,1,0.17,0.17,0.08,2.19
1,0,0.42,0.25,0.00,2.28
1,0,0.34,0.17,0.08,2.36
1,0,0.34,0.17,0.08,2.11
0,1,0.25,0.17,0.00,2.70
1,0,0.34,0.34,0.08,2.87
1,0,0.42,0.17,0.00,1.94
1,0,0.42,0.17,0.00,1.94
0,1,0.59,0.34,0.08,2.11
1,0,0.59,0.34,0.08,2.11
1,0,0.59,0.34,0.08,2.11
1,0,0.34,0.25,0.00,2.45
0,1,0.25,0.17,0.08,2.36
0,1,0.25,0.17,0.08,2.45
1,0,0.42,0.17,0.08,2.11
1,0,0.17,0.08,0.08,0.59
1,0,0.42,0.08,0.08,0.17
1,0,0.59,0.34,0.00,0.51
0,1,0.34,0.17,0.08,0.25
1,0,0.84,0.34,0.08,0.67
1,0,0.42,0.34,0.08,0.25
1,0,0.67,0.25,0.08,0.67
0,1,0.67,0.25,0.08,0.67
1,0,0.59,0.08,0.08,0.25
0,1,0.34,0.34,0.08,1.18
1,0,0.59,0.34,0.17,3.04
1,0,0.76,0.34,0.34,4.47
0,1,0.59,0.25,0.00,5.65
1,0,0.59,0.25,0.08,5.65
1,0,0.59,0.25,0.08,5.65
0,1,1.10,0.08,0.08,3.04
1,0,1.10,0.00,0.00,3.04
1,0,1.18,0.08,0.08,3.04
1,0,23.28,0.25,0.08,3.46
1,0,0.67,0.25,0.17,2.28
1,0,0.34,0.34,0.00,2.02
1,0,0.93,0.25,0.08,2.62
0,1,0.42,0.08,0.08,1.94
1,0,27.00,0.17,0.08,1.77
0,1,0.93,0.25,0.25,2.19
0,1,0.67,0.17,0.25,4.30
1,0,1.01,0.08,0.42,5.31
0,1,1.35,0.25,0.25,3.04
1,0,1.86,0.25,0.17,2.78
1,0,1.69,0.08,0.17,2.70
1,0,1.52,0.08,0.42,2.78
1,0,1.43,0.00,0.00,3.96
0,1,0.84,0.08,0.08,4.22
1,0,1.01,0.08,0.08,4.81
1,0,1.60,0.25,0.00,5.31
0,1,0.51,0.25,0.08,5.65
1,0,1.10,0.17,0.08,5.31
0,1,0.84,0.08,0.00,5.65
1,0,0.67,0.25,0.08,5.82
0,1,0.76,0.17,0.08,6.07
0,1,1.10,0.08,0.08,6.16
0,1,0.59,0.08,0.08,5.15
0,1,1.18,0.34,0.08,4.81
1,0,1.01,0.08,0.17,4.47
1,0,0.76,0.17,0.08,4.81
1,0,0.59,0.25,0.17,4.98
0,1,0.51,0.17,0.17,5.15
0,1,0.84,0.08,0.00,3.04
1,0,1.35,0.25,0.08,2.78
1,0,0.67,0.17,0.17,3.29
1,0,1.35,0.25,0.00,2.70
0,1,0.67,0.25,0.00,2.28
0,1,0.76,0.34,0.17,1.69
1,0,0.25,0.34,0.17,1.10
0,1,0.25,0.25,0.08,0.93
0,1,0.84,0.08,0.08,0.42
1,0,0.76,0.08,0.00,0.67
1,0,0.67,0.25,0.08,0.76
1,0,0.59,0.25,0.08,0.59
1,0,3.80,0.34,0.00,0.42
0,1,0.59,0.25,0.08,1.60
1,0,0.84,0.34,0.00,1.01
1,0,0.59,0.17,0.08,1.18
1,0,0.93,0.34,0.00,1.10
0,1,0.84,0.25,0.08,0.93
0,1,0.67,0.17,0.00,1.43
1,0,0.34,0.17,0.08,2.19
1,0,0.25,0.17,0.08,2.28
0,1,0.51,0.42,0.08,2.28
1,0,0.25,0.25,0.08,2.36
1,0,0.51,0.25,0.08,2.45
1,0,0.34,0.08,0.00,2.62
1,0,0.25,0.17,0.08,1.52
0,1,0.25,0.25,0.08,1.60
1,0,0.25,0.17,0.08,2.02
0,1,0.34,0.08,0.08,1.27
1,0,0.42,0.17,0.08,1.35
1,0,0.42,0.17,0.08,1.35
1,0,0.42,0.17,0.08,1.35
0,1,0.42,0.25,0.17,1.43
0,1,0.34,0.08,0.08,1.27
0,1,0.25,0.08,0.08,1.43
0,1,0.42,0.08,0.08,1.60
1,0,0.42,0.08,0.00,1.43
1,0,0.67,0.34,0.17,1.10
0,1,0.42,0.08,0.00,1.52
1,0,0.42,0.08,0.00,1.94
0,1,0.17,0.08,0.08,2.28
0,1,0.17,0.08,0.08,2.28
1,0,0.34,0.17,0.08,1.52
0,1,0.34,0.08,0.08,2.19
0,1,0.34,0.17,0.08,1.94
1,0,0.42,0.17,0.08,1.35
0,1,0.51,0.08,0.00,1.69
1,0,0.59,0.17,0.08,1.69
1,0,0.59,0.17,0.00,1.52
0,1,0.42,0.08,0.08,1.35
0,1,0.42,0.34,0.08,1.77
0,1,0.25,0.17,0.08,1.77
1,0,0.59,0.17,0.00,2.19
1,0,0.25,0.25,0.08,1.69
0,1,0.51,0.17,0.08,0.59
1,0,0.25,0.25,0.08,0.84
1,0,0.34,0.17,0.00,1.01
1,0,0.34,0.08,0.08,1.10
1,0,0.34,0.17,0.00,1.01
1,0,0.67,0.17,0.08,0.59
0,1,11.14,0.08,0.08,0.76
0,1,11.47,0.08,0.08,1.10
0,1,11.47,0.08,0.08,1.10
1,0,1.18,0.17,0.25,4.81
1,0,1.18,0.17,0.25,4.81
0,1,1.52,0.08,0.34,5.40
1,0,19.91,0.34,0.25,6.07
1,0,0.93,0.17,0.08,5.06
1,0,0.34,0.08,0.08,4.13
0,1,23.62,0.25,0.25,3.46
0,1,23.11,0.25,0.08,3.71
1,0,23.28,0.17,0.00,3.54
0,1,0.93,0.17,0.17,2.62
1,0,0.76,0.25,0.25,2.45
1,0,1.01,0.17,0.17,2.62
0,1,25.39,0.17,0.08,2.28
1,0,26.15,0.08,0.08,1.94
1,0,26.91,0.25,0.08,1.94
1,0,21.76,0.17,4.64,0.59
0,1,6.33,0.25,0.34,1.43
0,1,0.59,0.08,0.08,5.40
1,0,0.59,0.08,0.08,5.40
1,0,1.77,0.51,0.51,4.81
1,0,1.60,0.59,0.25,4.89
0,1,1.86,0.42,0.42,4.47
1,0,1.86,0.25,0.00,4.47
0,1,1.69,0.17,0.08,3.54
1,0,1.86,0.34,0.17,3.88
0,1,1.18,0.34,0.17,2.19
1,0,1.18,0.25,0.25,2.19
1,0,0.67,0.17,0.08,1.27
1,0,0.25,0.17,0.08,0.17
0,1,0.42,0.17,0.08,0.51
1,0,0.17,0.17,0.08,0.25
0,1,0.51,0.17,0.08,0.59
1,0,3.63,0.17,0.00,0.93
1,0,3.88,0.17,0.17,0.76
0,1,4.05,0.17,0.00,0.51
0,1,0.51,0.17,0.08,1.27
0,1,0.51,0.17,0.00,1.18
1,0,0.51,0.17,0.08,1.35
0,1,0.25,0.17,0.08,0.59
1,0,0.84,0.25,0.00,1.35
1,0,0.34,0.08,0.00,1.86
1,0,0.42,0.08,0.00,1.69
1,0,0.17,0.17,0.08,2.36
0,1,0.51,0.08,0.08,2.11
1,0,0.42,0.17,0.08,2.28
0,1,0.25,0.17,0.08,2.36
1,0,0.25,0.17,0.08,1.27
0,1,0.42,0.08,0.17,0.59
1,0,0.51,0.17,0.00,0.42
1,0,0.42,0.08,0.08,0.51
1,0,0.42,0.08,0.08,0.34
1,0,0.42,0.17,0.08,0.84
0,1,0.42,0.25,0.08,1.01
0,1,0.34,0.17,0.08,1.01
1,0,0.25,0.17,0.08,1.52
0,1,0.42,0.17,0.08,1.77
0,1,0.51,0.42,0.08,1.10
1,0,0.25,0.08,0.08,1.35
0,1,0.17,0.17,0.08,0.93
1,0,0.42,0.17,0.08,0.76
0,1,0.59,0.17,0.08,0.76
1,0,0.51,0.25,0.08,0.84
1,0,0.59,0.25,0.08,0.51
1,0,0.67,0.25,0.17,0.93
1,0,0.67,0.25,0.17,0.93
1,0,0.59,0.25,0.08,0.51
0,1,0.76,0.08,0.08,0.67
1,0,0.93,0.17,0.08,0.67
0,1,0.84,0.25,0.17,0.84
1,0,0.93,0.17,0.08,0.34
0,1,0.51,0.25,0.00,0.84
1,0,0.93,0.17,0.00,0.67
1,0,0.59,0.25,0.08,1.60
1,0,0.17,0.17,0.00,1.60
0,1,0.34,0.34,0.17,1.35
1,0,6.66,0.17,0.00,1.60
0,1,0.51,0.25,0.08,1.94
0,1,6.75,0.17,0.08,1.69
1,0,0.34,0.25,0.00,2.02
0,1,0.34,0.17,0.08,2.02
1,0,0.25,0.17,0.08,2.11
1,0,0.34,0.25,0.00,2.02
0,1,0.42,0.25,0.08,1.35
1,0,0.42,0.17,0.08,2.02
1,0,0.42,0.17,0.08,2.02
0,1,0.34,0.25,0.08,1.27
1,0,0.42,0.08,0.08,1.69
1,0,12.49,0.51,0.08,2.19
1,0,1.60,0.17,0.17,1.94
1,0,1.77,0.17,0.17,6.41
1,0,22.27,0.08,0.08,4.72
1,0,25.05,0.08,0.08,2.45
1,0,24.63,0.17,0.08,2.53
0,1,26.24,0.08,0.08,1.60
1,0,1.10,0.17,0.08,1.18
1,0,1.69,0.17,0.59,2.02
1,0,1.77,0.08,1.01,5.74
0,1,1.69,0.25,1.01,5.57
1,0,5.40,0.17,0.76,1.94
1,0,1.86,0.17,0.00,6.33
0,1,1.18,0.08,0.08,5.74
1,0,0.67,0.08,0.00,1.77
0,1,0.84,0.08,0.08,0.84
1,0,4.30,0.25,0.08,0.93
1,0,0.51,0.17,0.08,1.60
1,0,0.42,0.17,0.08,1.35
1,0,2.19,0.17,0.08,2.02
1,0,0.93,0.25,0.00,1.69
0,1,1.01,0.17,0.08,1.60
0,1,0.76,0.08,0.08,1.94
1,0,1.01,0.08,0.08,1.60
1,0,0.84,0.08,0.08,1.43
1,0,0.67,0.17,0.17,2.11
0,1,0.25,0.17,0.08,1.43
1,0,0.51,0.25,0.08,1.35
0,1,0.17,0.17,0.08,0.93
1,0,0.42,0.17,0.08,0.84
0,1,0.42,0.25,0.08,0.76
0,1,0.76,0.17,0.08,0.76
1,0,0.51,0.25,0.08,0.42
1,0,0.67,0.08,0.08,0.76
1,0,0.51,0.25,0.08,0.42
0,1,0.76,0.17,0.08,1.18
1,0,0.76,0.08,0.08,1.18
0,1,0.08,0.08,0.08,1.10
1,0,0.59,0.25,0.17,1.18
0,1,0.17,0.17,0.00,1.27
1,0,0.84,0.25,0.08,1.35
0,1,0.67,0.17,0.08,0.67
1,0,1.01,0.17,0.00,1.27
1,0,0.67,0.25,0.08,1.60
0,1,0.76,0.08,0.08,1.60
0,1,0.76,0.17,0.08,1.60
0,1,0.42,0.25,0.08,2.28
1,0,0.25,0.17,0.08,2.45
0,1,0.59,0.34,0.08,1.94
0,1,0.67,0.17,0.08,2.70
1,0,0.51,0.08,0.08,2.62
1,0,0.59,0.25,0.08,2.62
0,1,0.59,0.34,0.00,1.94
1,0,0.34,0.17,0.08,2.70
1,0,0.67,0.34,0.08,2.70
1,0,0.67,0.34,0.08,2.62
1,0,0.84,0.25,0.08,2.95
1,0,15.10,0.08,0.00,4.22
1,0,2.11,0.34,0.67,5.15
1,0,1.60,0.08,0.17,6.58
0,1,1.10,0.42,0.25,5.48
1,0,21.93,0.17,0.17,4.98
1,0,1.10,0.17,0.08,4.64
1,0,26.40,0.08,0.08,0.59
1,0,27.75,0.08,0.08,0.93
1,0,68.50,0.25,0.08,1.60
1,0,1.35,0.08,0.17,5.23
1,0,0.59,0.34,0.08,6.07
1,0,0.42,0.17,0.08,3.96
0,1,0.84,0.34,0.08,4.05
1,0,0.25,0.25,0.08,2.45
1,0,0.34,0.17,0.08,2.19
1,0,0.51,0.42,0.00,0.84
0,1,0.84,0.25,0.08,1.18
0,1,0.42,0.34,0.08,0.67
0,1,0.59,0.25,0.08,0.93
0,1,0.59,0.25,0.08,0.76
1,0,0.42,0.34,0.00,0.76
0,1,0.34,0.17,0.08,0.51
0,1,1.94,0.42,0.08,0.84
0,1,0.17,0.17,0.00,1.27
1,0,0.34,0.17,0.00,1.18
1,0,0.34,0.08,0.08,1.18
1,0,0.34,0.17,0.08,1.18
1,0,0.34,0.34,0.00,1.18
0,1,0.08,0.08,0.08,0.76
0,1,0.25,0.08,0.08,0.76
1,0,2.95,0.34,0.08,0.93
1,0,0.42,0.17,0.08,1.10
1,0,0.17,0.17,0.00,0.59
1,0,0.17,0.17,0.00,0.59
1,0,0.42,0.17,0.08,1.01
1,0,0.51,0.34,0.08,1.27
1,0,0.25,0.17,0.08,0.76
0,1,0.17,0.08,0.08,0.59
1,0,0.67,0.17,0.08,0.25
1,0,0.51,0.17,0.08,0.17
0,1,0.34,0.08,0.08,0.76
0,1,0.34,0.08,0.08,0.59
1,0,0.25,0.17,0.00,0.76
0,1,0.17,0.17,0.08,2.11
1,0,0.34,0.17,0.08,2.11
1,0,0.34,0.17,0.08,2.11
1,0,1.01,0.08,0.08,2.78
0,1,0.67,0.25,0.00,2.95
0,1,0.76,0.08,0.08,2.70
1,0,0.59,0.08,0.00,2.78
0,1,0.17,0.08,0.08,3.29
0,1,0.42,0.25,0.00,3.71
1,0,0.34,0.25,0.08,3.71
1,0,0.34,0.34,0.08,3.80
0,1,1.01,0.25,0.08,5.23
1,0,0.93,0.34,0.08,6.07
1,0,0.84,0.17,0.17,7.68
1,0,0.67,0.34,0.17,1.94
1,0,3.29,0.34,0.00,3.54
1,0,5.57,0.25,1.69,9.28
1,0,5.65,0.34,1.60,9.53
0,1,0.67,0.34,0.17,6.24
0,1,1.10,0.25,0.08,4.81
1,0,1.10,0.34,0.17,5.40
0,1,0.84,0.17,0.08,3.37
0,1,1.10,0.25,0.08,4.05
1,0,0.84,0.17,0.08,3.88
0,1,0.51,0.42,0.08,3.54
0,1,0.76,0.08,0.08,3.21
0,1,0.42,0.34,0.08,2.19
1,0,0.42,0.25,0.08,2.28
1,0,0.51,0.17,0.17,2.45
0,1,0.25,0.17,0.08,0.17
1,0,0.42,0.34,0.00,0.34
1,0,0.42,0.25,0.08,1.01
1,0,0.76,0.17,0.08,1.01
1,0,0.84,0.17,0.08,1.27
1,0,0.76,0.08,0.08,0.93
1,0,0.67,0.08,0.08,1.10
1,0,0.76,0.17,0.08,0.17
1,0,0.42,0.25,0.08,0.59
1,0,0.34,0.25,0.08,0.51
0,1,0.42,0.25,0.08,0.93
1,0,0.25,0.17,0.17,1.01
1,0,0.25,0.17,0.08,0.93
1,0,0.59,0.17,0.08,1.10
0,1,0.51,0.25,0.08,1.18
0,1,0.59,0.25,0.00,1.18
0,1,0.84,0.17,0.08,1.60
0,1,0.93,0.17,0.08,1.60
0,1,0.42,0.08,0.08,0.84
1,0,0.59,0.25,0.00,1.18
1,0,0.59,0.17,0.00,0.84
0,1,0.42,0.08,0.00,0.84
0,1,0.76,0.17,0.00,1.52
1,0,0.42,0.42,0.17,1.69
1,0,0.51,0.08,0.08,2.19
0,1,1.69,0.34,0.17,2.70
1,0,1.27,0.51,0.08,3.46
1,0,0.84,0.51,0.17,3.88
1,0,0.84,0.25,0.17,4.39
0,1,0.67,0.17,0.08,4.22
1,0,0.51,0.08,0.08,4.22
0,1,0.42,0.17,0.08,4.89
1,0,14.17,0.34,0.08,4.64
1,0,0.59,0.08,0.17,5.82
1,0,0.51,0.17,0.34,7.85
0,1,0.84,0.25,0.08,8.01
1,0,1.27,0.17,0.17,1.43
0,1,2.78,0.08,0.08,2.53
0,1,6.33,0.17,1.01,9.79
1,0,1.01,0.17,0.08,6.58
1,0,0.59,0.51,0.17,7.59
1,0,0.34,0.08,0.08,7.42
1,0,1.10,0.42,0.08,5.23
0,1,1.27,0.08,0.08,4.30
1,0,1.10,0.08,0.08,4.30
0,1,0.34,0.17,0.08,3.96
1,0,0.59,0.17,0.08,3.04
1,0,0.59,0.17,0.08,3.21
1,0,0.76,0.08,0.08,3.12
1,0,0.59,0.17,0.08,2.53
1,0,0.67,0.25,0.08,2.28
1,0,0.67,0.25,0.08,2.28
1,0,0.25,0.34,0.08,1.60
0,1,0.17,0.08,0.08,1.01
0,1,0.34,0.17,0.08,0.59
1,0,0.42,0.25,0.08,1.10
1,0,0.17,0.17,0.08,1.69
1,0,0.51,0.25,0.08,1.27
1,0,0.25,0.17,0.00,0.08
1,0,0.51,0.08,0.08,0.76
1,0,0.51,0.17,0.08,1.01
0,1,0.42,0.25,0.08,0.84
1,0,0.42,0.08,0.08,1.18
1,0,0.25,0.08,0.08,1.60
1,0,0.59,0.17,0.08,1.60
1,0,0.34,0.17,0.00,1.35
0,1,0.76,0.17,0.17,0.67
1,0,2.19,0.17,0.17,2.36
0,1,2.11,0.17,0.08,2.45
1,0,2.02,0.25,0.08,3.21
1,0,1.35,0.59,0.08,3.37
1,0,1.10,0.67,0.00,4.98
1,0,1.60,0.42,0.25,5.06
1,0,2.45,0.34,0.34,2.62
1,0,2.02,0.42,0.25,2.11
1,0,3.04,0.17,0.08,2.87
1,0,6.33,0.84,1.69,8.94
1,0,7.68,0.08,0.67,10.97
0,1,1.10,0.08,0.08,7.00
0,1,1.01,0.08,0.08,7.00
1,0,1.01,0.17,0.08,7.00
1,0,0.34,0.08,0.25,6.24
0,1,0.34,0.25,0.34,5.57
1,0,0.25,0.25,0.25,5.48
0,1,0.51,0.17,0.17,4.56
1,0,0.51,0.08,0.17,4.56
1,0,0.51,0.17,0.08,4.30
1,0,0.34,0.17,0.17,4.64
1,0,0.42,0.08,0.08,4.22
1,0,0.42,0.17,0.08,4.30
0,1,0.59,0.34,0.08,3.46
0,1,0.42,0.34,0.08,3.80
1,0,0.67,0.25,0.00,3.46
1,0,0.34,0.17,0.08,3.54
0,1,0.84,0.08,0.08,3.21
1,0,4.81,0.42,0.08,0.76
0,1,0.42,0.42,0.00,1.60
1,0,0.42,0.08,0.08,1.86
1,0,0.42,0.08,0.08,1.86
1,0,0.76,0.25,0.17,2.19
0,1,0.84,0.25,0.08,2.19
1,0,0.59,0.17,0.08,1.18
1,0,0.17,0.25,0.08,1.18
0,1,0.67,0.17,0.00,1.35
1,0,0.42,0.17,0.08,1.27
1,0,0.51,0.08,0.08,1.77
1,0,0.51,0.08,0.08,1.77
1,0,0.42,0.25,0.08,1.01
0,1,0.59,0.08,0.08,0.25
1,0,7.59,0.17,0.08,0.34
1,0,1.18,0.51,0.08,0.76
1,0,1.60,0.34,0.34,4.89
1,0,13.41,0.17,0.17,5.91
1,0,5.23,0.25,0.34,6.16
1,0,22.95,0.08,0.42,3.21
1,0,11.14,0.25,2.28,7.93
0,1,2.45,0.42,0.42,5.82
1,0,2.62,0.42,0.34,5.65
1,0,2.36,0.25,0.25,5.82
0,1,2.45,0.17,0.25,5.06
1,0,2.62,0.25,0.34,5.06
1,0,0.76,0.17,0.25,2.70
0,1,0.76,0.34,0.08,0.51
0,1,0.76,0.08,0.34,1.69
1,0,0.17,0.34,0.17,0.67
0,1,1.77,0.51,0.17,3.96
1,0,1.94,0.42,0.17,4.05
1,0,1.69,0.25,0.08,4.47
1,0,14.68,0.08,5.91,7.85
1,0,8.77,0.17,0.34,6.92
1,0,9.03,0.17,3.54,4.05
1,0,8.10,0.08,2.45,3.54
1,0,4.22,0.17,0.17,4.89
0,1,2.70,0.67,0.84,4.72
0,1,2.11,0.17,0.08,4.47
1,0,1.10,0.51,0.08,5.15
1,0,1.10,0.42,0.08,5.15
0,1,0.76,0.25,0.08,4.30
1,0,5.91,0.17,0.08,0.84
1,0,0.93,0.08,0.17,1.01
1,0,0.76,0.08,0.08,2.53
1,0,0.25,0.25,0.17,2.95
1,0,1.94,0.17,0.17,5.57
0,1,1.86,0.17,0.08,5.48
1,0,2.11,0.51,0.93,8.77
1,0,8.18,0.34,1.27,9.95
1,0,10.88,0.17,3.29,8.60
0,1,13.16,0.17,0.17,9.28
1,0,13.16,0.17,0.17,9.20
0,1,11.05,0.25,1.52,6.92
1,0,7.00,0.17,0.34,4.13
0,1,5.82,0.08,0.42,5.74
1,0,4.72,0.34,0.08,4.64
1,0,4.64,0.17,0.17,4.56
0,1,4.39,0.25,0.17,4.64
0,1,2.36,0.25,0.84,3.80
1,0,2.78,0.34,0.51,4.30
1,0,1.27,0.08,0.00,3.96
1,0,0.51,0.17,0.08,4.89
1,0,1.60,0.51,0.25,1.69
0,1,6.50,0.34,0.25,1.77
1,0,6.58,0.59,0.59,2.19
0,1,1.60,0.08,0.08,3.80
1,0,6.58,0.25,0.08,3.88
0,1,0.76,0.08,0.17,3.63
0,1,6.58,0.17,0.00,3.88
1,0,0.84,0.51,0.17,3.63
0,1,0.42,0.17,0.08,3.96
0,1,1.10,0.08,0.08,2.62
1,0,0.51,0.25,0.08,2.70
1,0,1.01,0.08,0.08,8.44
0,1,0.34,0.34,0.34,9.70
1,0,0.42,0.17,0.17,9.20
0,1,0.34,0.08,0.25,9.87
1,0,5.48,0.08,1.52,5.99
1,0,8.10,0.34,0.84,8.18
1,0,15.44,0.25,0.51,9.45
1,0,6.75,0.34,1.52,7.00
1,0,1.27,0.25,0.08,2.45
0,1,1.69,0.25,0.17,2.87
1,0,1.52,0.08,0.17,3.71
1,0,1.77,0.08,0.08,3.88
1,0,0.67,0.51,0.51,4.89
1,0,0.34,0.25,0.17,4.39
0,1,0.93,0.17,0.08,4.13
1,0,0.84,0.17,0.17,3.71
1,0,0.84,0.17,0.17,3.96
1,0,1.35,0.34,0.17,3.12
1,0,1.35,0.34,0.25,3.04
1,0,0.59,0.17,0.17,3.63
0,1,0.59,0.17,0.08,3.71
0,1,0.93,0.17,0.00,3.46
0,1,1.35,0.25,1.01,8.94
1,0,1.60,0.34,0.84,8.86
0,1,4.56,1.10,2.95,6.66
0,1,11.64,0.76,2.95,7.00
1,0,1.94,0.08,0.17,5.74
0,1,1.77,0.59,0.17,4.89
1,0,1.77,0.17,0.17,4.39
0,1,2.02,0.34,0.34,3.96
0,1,2.02,0.42,0.34,3.88
1,0,0.42,0.25,0.17,5.48
1,0,1.60,0.17,0.17,2.53
1,0,11.81,0.67,3.04,6.83
0,1,5.57,0.08,2.28,6.75
1,0,5.65,0.08,2.28,6.66
1,0,2.53,0.93,0.42,6.24
1,0,2.53,0.93,0.42,6.24
1,0,2.53,0.93,0.51,6.24
0,1,2.45,0.17,0.08,5.99
0,1,0.59,0.08,0.08,4.64
1,0,0.93,0.08,0.08,4.81
0,1,0.67,0.25,0.25,4.39
0,1,3.29,0.08,0.17,5.15
0,1,3.29,0.08,0.08,5.15
1,0,0.67,0.17,0.08,5.06
0,1,0.67,0.08,0.08,4.89
0,1,11.47,0.08,0.34,6.92
1,0,11.30,0.08,0.17,7.09
1,0,16.96,0.08,0.76,7.42
1,0,11.22,0.25,1.86,6.07
1,0,3.37,0.17,1.35,3.71
1,0,3.37,0.17,1.27,3.63
0,1,2.28,0.25,0.08,2.19
1,0,0.34,0.08,0.17,0.59
1,0,1.18,0.08,0.08,5.31
0,1,1.35,0.08,0.08,5.65
1,0,2.28,0.34,0.08,6.92
1,0,17.97,0.08,0.17,5.65
1,0,18.39,0.34,0.08,5.91
1,0,18.31,0.34,0.08,5.82
1,0,12.99,0.25,2.28,5.06
0,1,3.29,0.42,0.42,4.13
1,0,3.54,0.25,0.17,5.15
1,0,3.96,0.34,0.76,6.83
1,0,1.60,0.51,0.17,1.60
0,1,0.42,0.08,0.17,0.34
1,0,0.34,0.08,0.25,0.67
1,0,1.01,0.17,0.08,0.93
1,0,1.01,0.34,0.34,1.35
1,0,3.29,0.25,0.34,7.17
1,0,1.77,0.25,0.08,6.16
1,0,1.52,0.25,0.00,6.58
0,1,11.30,0.17,0.08,6.24
0,1,0.17,0.17,0.08,5.99
1,0,0.59,0.25,0.08,6.16
0,1,3.12,0.08,0.17,6.50
1,0,2.78,0.08,0.34,7.25
1,0,2.87,0.17,0.08,6.83
0,1,11.81,0.08,0.25,4.22
1,0,11.64,0.17,0.25,4.22
0,1,11.89,0.08,0.34,4.13
1,0,14.09,0.08,0.08,0.17
0,1,14.51,0.08,0.25,0.25
1,0,14.51,0.08,0.17,0.84
1,0,16.53,0.17,0.67,3.29
0,1,17.46,0.08,0.17,4.13
1,0,18.22,0.08,0.25,5.31
1,0,18.90,0.51,0.25,6.07
1,0,6.83,0.42,0.76,10.38
0,1,7.51,0.17,1.52,9.45
1,0,2.11,0.34,0.34,2.36
0,1,2.45,0.25,0.08,3.63
1,0,1.69,0.25,0.17,3.21
1,0,1.69,0.25,0.17,3.29
1,0,3.37,0.08,0.25,7.25
0,1,3.21,0.34,0.42,7.42
0,1,2.95,0.34,0.34,7.59
0,1,1.52,0.08,0.17,7.00
1,0,1.52,0.08,0.08,7.09
1,0,0.51,0.08,0.08,6.33
0,1,0.51,0.08,0.08,6.83
0,1,0.84,0.34,0.08,6.33
0,1,0.93,0.34,0.08,6.33
0,1,0.59,0.08,0.08,6.83
1,0,0.42,0.25,0.08,6.92
1,0,1.18,0.17,0.25,6.83
1,0,18.05,0.08,0.17,4.39
0,1,6.66,0.17,0.51,10.71
1,0,11.30,0.17,3.12,7.42
1,0,71.62,0.08,5.74,4.13
1,0,71.71,0.00,5.74,4.13
1,0,2.28,0.34,0.59,5.31
1,0,1.94,0.34,0.51,4.22
0,1,1.94,0.51,0.34,4.05
0,1,1.10,0.08,0.17,1.10
1,0,1.01,0.08,0.08,1.01
0,1,1.35,0.25,0.00,1.94
1,0,1.10,0.34,0.08,1.86
1,0,1.18,0.17,0.08,2.36
0,1,1.01,0.17,0.08,2.28
0,1,1.27,0.25,0.08,3.12
1,0,0.67,0.08,0.08,7.42
0,1,0.25,0.17,0.08,7.76
1,0,0.34,0.25,0.17,7.68
1,0,0.67,0.08,0.08,7.85
1,0,0.25,0.17,0.08,7.17
0,1,0.42,0.17,0.08,7.76
1,0,0.76,0.08,0.08,7.09
0,1,0.84,0.17,0.08,7.09
1,0,1.35,0.17,0.42,7.42
1,0,1.18,0.25,0.08,7.76
1,0,17.55,0.17,1.69,3.88
1,0,54.33,0.17,0.59,10.46
1,0,1.27,0.17,0.08,3.88
1,0,1.69,0.08,0.42,8.18
1,0,0.93,0.25,0.42,3.96
1,0,0.93,0.25,0.42,3.96
1,0,0.59,0.08,0.76,1.60
1,0,0.17,0.08,0.08,0.93
0,1,0.93,0.25,0.25,0.59
1,0,0.17,0.08,0.08,1.01
0,1,0.25,0.08,0.08,1.27
0,1,0.51,0.17,0.17,1.43
1,0,0.67,0.08,0.17,2.70
1,0,0.67,0.08,0.00,2.02
0,1,0.51,0.25,0.08,2.78
0,1,0.42,0.34,0.25,3.37
0,1,0.67,0.17,0.17,2.45
1,0,3.29,0.51,2.02,3.46
1,0,15.94,0.67,0.67,5.82
0,1,0.17,0.08,0.08,8.60
1,0,0.59,0.17,0.08,8.10
0,1,1.01,0.08,0.08,8.52
1,0,0.42,0.25,0.08,8.44
1,0,0.34,0.17,0.08,8.01
1,0,1.43,0.25,0.08,8.10
1,0,13.58,0.17,0.25,5.65
1,0,14.93,0.25,0.34,3.63
1,0,19.91,0.17,0.17,5.99
1,0,9.11,0.25,1.60,12.06
0,1,10.88,0.17,1.27,12.15
1,0,10.97,0.34,2.11,11.14
1,0,13.16,0.25,3.96,5.82
1,0,16.53,0.17,3.63,1.52
1,0,40.32,0.25,0.51,1.94
0,1,1.18,0.25,0.34,4.05
1,0,1.35,0.17,0.34,3.88
0,1,0.25,0.25,0.08,5.23
0,1,0.51,0.17,0.25,4.64
0,1,0.67,0.17,0.59,4.56
1,0,0.59,0.08,0.08,2.87
0,1,3.37,0.34,0.34,7.17
1,0,0.67,0.17,0.25,9.36
0,1,1.01,0.17,0.25,9.11
1,0,1.27,0.08,0.08,8.94
0,1,1.10,0.17,0.25,9.03
0,1,14.34,0.42,4.98,5.06
1,0,14.43,0.25,5.23,5.31
0,1,0.93,0.51,0.51,5.57
1,0,1.35,0.08,0.17,5.48
1,0,0.59,0.51,0.51,7.68
0,1,0.51,0.25,0.25,8.44
1,0,0.25,0.17,0.17,7.93
0,1,0.34,0.17,0.93,6.50
0,1,0.34,0.08,0.51,4.47
1,0,0.34,0.08,0.34,4.13
1,0,0.34,0.17,0.34,4.13
1,0,0.76,0.17,0.51,2.95
1,0,0.51,0.08,0.08,3.21
1,0,1.35,0.17,0.67,1.77
1,0,1.77,0.17,0.25,3.46
1,0,3.29,0.17,0.93,4.64
0,1,1.86,0.17,0.25,9.70
1,0,1.86,0.08,1.10,9.87
1,0,1.86,0.08,1.10,9.79
0,1,16.53,0.08,1.01,4.30
1,0,16.62,0.25,1.01,4.39
0,1,19.40,0.76,1.27,2.28
1,0,0.67,0.17,0.17,6.58
1,0,0.42,0.17,0.25,6.92
0,1,0.51,0.17,0.17,6.75
0,1,1.27,0.42,0.93,3.37
1,0,2.87,0.25,0.17,2.53
0,1,3.80,0.25,0.59,5.91
1,0,4.89,0.17,1.69,7.42
1,0,1.94,0.42,0.08,9.20
1,0,20.67,0.17,1.77,6.41
0,1,0.76,0.42,0.42,6.66
1,0,0.67,0.25,0.42,6.83
1,0,0.76,0.17,0.08,7.85
1,0,1.86,0.59,0.93,7.09
1,0,3.21,0.25,0.84,11.22
1,0,5.40,0.42,0.25,8.44
0,1,24.13,0.17,0.42,10.04
1,0,24.13,0.08,0.42,10.04
1,0,39.82,0.17,0.76,5.31
0,1,40.24,0.17,0.59,5.15
1,0,0.67,0.51,1.18,7.34
1,0,0.84,0.42,0.34,7.68
1,0,3.21,0.42,0.93,3.29
0,1,3.88,0.17,1.52,4.39
1,0,3.80,0.17,1.86,5.91
0,1,3.04,0.67,0.08,9.45
1,0,0.51,0.34,0.17,11.89
1,0,18.47,0.08,0.42,7.59
0,1,20.67,0.25,0.76,6.75
1,0,20.67,0.17,0.84,6.83
1,0,14.85,0.08,3.21,10.04
0,1,18.90,0.17,2.62,3.88
1,0,51.29,1.01,1.01,4.39
1,0,42.43,0.51,0.67,4.81
1,0,3.46,0.17,2.70,5.57
0,1,3.29,0.25,2.53,5.74
1,0,4.05,0.08,0.08,2.70
1,0,5.15,0.25,0.93,4.81
1,0,6.33,0.17,0.25,5.99
1,0,0.67,0.08,0.34,12.23
0,1,0.67,0.08,0.42,12.23
1,0,2.19,0.25,0.76,13.08
1,0,6.83,0.08,0.67,9.70
0,1,6.41,0.17,0.25,9.70
1,0,17.38,0.08,2.87,6.33
0,1,42.60,1.10,0.08,4.22
1,0,41.42,0.17,1.27,4.89
1,0,4.98,0.25,0.51,1.10
1,0,6.33,0.17,0.17,5.99
1,0,4.13,0.59,1.94,7.51
1,0,12.15,0.08,0.76,14.68
1,0,12.15,0.08,0.76,14.68
0,1,12.74,0.25,0.34,15.27
0,1,12.65,0.17,0.25,15.10
0,1,12.65,0.17,0.25,15.10
1,0,13.50,0.42,0.42,15.27
1,0,67.91,0.34,0.84,1.86
1,0,5.91,0.08,0.34,3.29
0,1,5.31,0.25,0.17,2.87
1,0,6.24,0.34,0.67,1.94
0,1,6.07,0.42,0.51,1.77
1,0,2.19,0.17,1.18,10.97
1,0,6.16,0.34,1.77,12.57
1,0,22.61,0.67,1.18,9.45
1,0,48.25,0.08,3.37,4.64
1,0,42.77,0.17,1.27,3.46
0,1,3.54,0.25,0.67,5.65
1,0,3.37,0.08,0.51,5.91
1,0,6.41,0.42,1.86,2.78
1,0,7.00,0.08,1.77,4.05
1,0,9.45,1.10,1.77,11.56
1,0,26.91,0.25,1.43,12.65
1,0,15.86,0.17,1.77,14.34
1,0,18.64,0.08,0.76,10.38
1,0,19.82,0.25,0.25,8.69
0,1,19.82,0.08,0.17,8.60
1,0,45.30,0.34,2.87,1.27
1,0,41.17,0.51,0.84,4.81
1,0,3.63,0.08,0.67,10.46
1,0,7.09,0.08,1.01,13.16
1,0,61.67,0.67,1.52,4.81
0,1,44.96,0.25,2.62,1.10
1,0,41.17,0.25,1.18,4.05
1,0,5.40,0.00,1.10,3.80
0,1,7.42,0.17,0.93,1.10
1,0,7.76,0.17,0.93,3.21
1,0,9.11,0.25,3.54,3.80
1,0,9.36,0.17,0.93,0.42
1,0,4.98,1.01,0.76,7.85
0,1,4.89,0.51,2.36,11.89
1,0,4.81,0.08,2.87,12.57
1,0,12.23,0.51,1.52,12.15
0,1,24.63,0.25,0.17,11.73
1,0,24.38,0.17,0.17,11.56
1,0,25.98,0.51,2.53,12.32
1,0,31.04,0.08,1.86,16.79
1,0,18.14,0.34,3.46,15.10
1,0,44.54,0.08,2.45,1.86
0,1,6.66,0.08,2.28,6.92
1,0,6.75,0.17,2.36,6.75
1,0,4.98,0.42,1.69,10.80
0,1,18.14,0.34,3.54,15.18
1,0,47.75,0.42,1.27,1.77
0,1,42.77,0.42,0.51,2.53
1,0,42.69,0.51,0.51,2.53
1,0,7.93,0.25,0.67,1.52
1,0,8.52,0.51,0.51,1.01
1,0,10.21,0.00,1.94,3.71
0,1,10.88,0.08,3.29,5.74
1,0,9.03,0.08,0.17,4.47
1,0,6.07,0.42,1.77,9.20
1,0,7.00,0.59,3.04,13.92
1,0,25.65,1.10,1.60,13.24
1,0,53.57,0.34,1.18,2.70
0,1,46.99,0.08,0.34,2.28
1,0,43.02,0.51,1.27,1.35
0,1,9.62,0.51,0.76,1.18
1,0,8.52,0.67,3.71,15.02
1,0,8.44,0.67,3.63,15.02
1,0,10.55,0.59,3.12,15.52
1,0,61.67,0.59,0.34,0.51
1,0,47.41,0.25,0.25,2.95
1,0,11.39,0.25,2.28,3.88
1,0,11.81,0.08,4.39,6.50
1,0,27.33,0.59,3.46,15.10
0,1,60.74,0.08,0.67,0.67
1,0,60.15,0.08,0.76,1.52
1,0,59.05,0.59,1.52,2.62
1,0,53.91,0.42,2.53,4.13
1,0,50.28,0.17,0.42,4.64
1,0,10.12,0.25,1.60,6.41
0,1,54.16,0.17,3.80,5.48
1,0,54.16,0.25,3.96,5.57
1,0,52.73,0.25,2.62,6.50
1,0,10.04,1.01,3.54,9.79
1,0,10.88,0.51,4.05,16.37
0,1,15.10,0.17,2.70,16.62
0,1,10.29,0.17,4.05,13.75
1,0,10.46,0.08,4.05,13.92
1,0,12.49,0.17,2.87,17.80
1,0,12.49,0.25,2.87,17.80
1,0,58.12,0.42,4.98,5.65
0,1,57.70,0.17,5.06,5.99
1,0,15.35,0.08,1.69,18.73
0,1,12.82,0.08,0.25,12.74
0,1,12.99,0.08,0.17,12.82
0,1,13.08,0.17,0.17,12.91
1,0,13.58,0.08,1.35,14.85
1,0,16.62,0.08,2.02,16.96
1,0,17.38,0.08,6.07,20.25
1,0,19.15,0.51,7.00,22.61